FY,period,source_path,scenario_name,scenario_role,conventional_light_km,light_bev_km,phev_km,total_light_universe_km,conventional_share,light_bev_share,phev_share,share_sum,conventional_light_revenue,light_bev_revenue,phev_revenue,conventional_light_rate_nzd_per_1000km,light_bev_rate_nzd_per_1000km,phev_rate_nzd_per_1000km,conventional_light_source_cell,light_bev_source_cell,phev_source_cell,conventional_light_revenue_source_cell,light_bev_revenue_source_cell,phev_revenue_source_cell,source_formula,source_file,source_status,model_input_target_million_km,model_input_quarters,model_input_full_year,target_minus_conventional_light_km,target_minus_total_light_universe_km,target_matches_conventional_light,target_matches_total_light_universe,target_semantics_status,business_rule,current_light_total_modelled_km,current_conventional_light_km,current_light_bev_km,current_phev_km,current_allocation_sum_km,current_allocation_residual_km,current_light_ruc_net_revenue,current_light_bev_ruc_net_revenue,current_phev_ruc_net_revenue,old_light_ruc_net_revenue_no_allocation,old_light_bev_ruc_net_revenue_fixed_mbu,old_phev_ruc_net_revenue_fixed_mbu,extrapolated_model_extension,allocation_status,used_by_current_finalist,notes
2001,FY2001,,,,5664.92423,0.0,0.0,5664.92423,1.0,0.0,0.0,1.0,107.952015502222,0.0,0.0,19.056215250070874,,,C10,C12,C14,C33,C35,C37,,data/revenue_model_source_pack/mbu26_annual_spine/mbu26_annual_spine.csv,ACTUAL,,,False,,,False,False,model_input_full_year_missing,current_light_ruc_total_allocated_by_mbu26_conventional_bev_phev_shares,,,,,,,,,,,0.0,0.0,False,business_rule_ready_no_current_forecast_row,False,MBU26 split/rate row is available; no current-finalist Light RUC row exists for this FY/scenario.
2002,FY2002,,,,6386.274088,0.0,0.0,6386.274088,1.0,0.0,0.0,1.0,127.276975146667,0.0,0.0,19.92977022170474,,,D10,D12,D14,D33,D35,D37,,data/revenue_model_source_pack/mbu26_annual_spine/mbu26_annual_spine.csv,ACTUAL,,2002Q1; 2002Q2,False,,,False,False,model_input_full_year_missing,current_light_ruc_total_allocated_by_mbu26_conventional_bev_phev_shares,,,,,,,,,,,0.0,0.0,False,business_rule_ready_no_current_forecast_row,False,MBU26 split/rate row is available; no current-finalist Light RUC row exists for this FY/scenario.
2003,FY2003,,,,6049.305779,0.0,0.0,6049.305779,1.0,0.0,0.0,1.0,145.750251191111,0.0,0.0,24.09371529822133,,,E10,E12,E14,E33,E35,E37,,data/revenue_model_source_pack/mbu26_annual_spine/mbu26_annual_spine.csv,ACTUAL,,2002Q3; 2002Q4; 2003Q1; 2003Q2,False,,,False,False,model_input_full_year_missing,current_light_ruc_total_allocated_by_mbu26_conventional_bev_phev_shares,,,,,,,,,,,0.0,0.0,False,business_rule_ready_no_current_forecast_row,False,MBU26 split/rate row is available; no current-finalist Light RUC row exists for this FY/scenario.
2004,FY2004,,,,6822.401291,0.0,0.0,6822.401291,1.0,0.0,0.0,1.0,164.838043431111,0.0,0.0,24.16129400780963,,,F10,F12,F14,F33,F35,F37,,data/revenue_model_source_pack/mbu26_annual_spine/mbu26_annual_spine.csv,ACTUAL,,2003Q3; 2003Q4; 2004Q1; 2004Q2,False,,,False,False,model_input_full_year_missing,current_light_ruc_total_allocated_by_mbu26_conventional_bev_phev_shares,,,,,,,,,,,0.0,0.0,False,business_rule_ready_no_current_forecast_row,False,MBU26 split/rate row is available; no current-finalist Light RUC row exists for this FY/scenario.
2005,FY2005,,,,7530.569661,0.0,0.0,7530.569661,1.0,0.0,0.0,1.0,190.062553191111,0.0,0.0,25.238801544513194,,,G10,G12,G14,G33,G35,G37,,data/revenue_model_source_pack/mbu26_annual_spine/mbu26_annual_spine.csv,ACTUAL,,2004Q3; 2004Q4; 2005Q1; 2005Q2,False,,,False,False,model_input_full_year_missing,current_light_ruc_total_allocated_by_mbu26_conventional_bev_phev_shares,,,,,,,,,,,0.0,0.0,False,business_rule_ready_no_current_forecast_row,False,MBU26 split/rate row is available; no current-finalist Light RUC row exists for this FY/scenario.
2006,FY2006,,,,7030.767248,0.0,0.0,7030.767248,1.0,0.0,0.0,1.0,207.057308142222,0.0,0.0,29.450172483113043,,,H10,H12,H14,H33,H35,H37,,data/revenue_model_source_pack/mbu26_annual_spine/mbu26_annual_spine.csv,ACTUAL,,2005Q3; 2005Q4; 2006Q1; 2006Q2,False,,,False,False,model_input_full_year_missing,current_light_ruc_total_allocated_by_mbu26_conventional_bev_phev_shares,,,,,,,,,,,0.0,0.0,False,business_rule_ready_no_current_forecast_row,False,MBU26 split/rate row is available; no current-finalist Light RUC row exists for this FY/scenario.
2007,FY2007,,,,7464.686295,0.0,0.0,7464.686295,1.0,0.0,0.0,1.0,224.341670933333,0.0,0.0,30.05373060132502,,,I10,I12,I14,I33,I35,I37,,data/revenue_model_source_pack/mbu26_annual_spine/mbu26_annual_spine.csv,ACTUAL,,2006Q3; 2006Q4; 2007Q1; 2007Q2,False,,,False,False,model_input_full_year_missing,current_light_ruc_total_allocated_by_mbu26_conventional_bev_phev_shares,,,,,,,,,,,0.0,0.0,False,business_rule_ready_no_current_forecast_row,False,MBU26 split/rate row is available; no current-finalist Light RUC row exists for this FY/scenario.
2008,FY2008,,,,7830.197444,0.0,0.0,7830.197444,1.0,0.0,0.0,1.0,238.367297955556,0.0,0.0,30.442054579122818,,,J10,J12,J14,J33,J35,J37,,data/revenue_model_source_pack/mbu26_annual_spine/mbu26_annual_spine.csv,ACTUAL,,2007Q3; 2007Q4; 2008Q1; 2008Q2,False,,,False,False,model_input_full_year_missing,current_light_ruc_total_allocated_by_mbu26_conventional_bev_phev_shares,,,,,,,,,,,0.0,0.0,False,business_rule_ready_no_current_forecast_row,False,MBU26 split/rate row is available; no current-finalist Light RUC row exists for this FY/scenario.
2009,FY2009,,,,7549.161403,0.0,0.0,7549.161403,1.0,0.0,0.0,1.0,262.064566702222,0.0,0.0,34.7143944489091,,,K10,K12,K14,K33,K35,K37,,data/revenue_model_source_pack/mbu26_annual_spine/mbu26_annual_spine.csv,ACTUAL,,2008Q3; 2008Q4; 2009Q1; 2009Q2,False,,,False,False,model_input_full_year_missing,current_light_ruc_total_allocated_by_mbu26_conventional_bev_phev_shares,,,,,,,,,,,0.0,0.0,False,business_rule_ready_no_current_forecast_row,False,MBU26 split/rate row is available; no current-finalist Light RUC row exists for this FY/scenario.
2010,FY2010,,,,7829.25488,0.0,0.0,7829.25488,1.0,0.0,0.0,1.0,287.748778595556,0.0,0.0,36.75302222317688,,,L10,L12,L14,L33,L35,L37,,data/revenue_model_source_pack/mbu26_annual_spine/mbu26_annual_spine.csv,ACTUAL,7829.25488,2009Q3; 2009Q4; 2010Q1; 2010Q2,True,0.0,0.0,True,True,pre_ev_phev_or_zero_split_overlap,current_light_ruc_total_allocated_by_mbu26_conventional_bev_phev_shares,,,,,,,,,,,0.0,0.0,False,business_rule_ready_no_current_forecast_row,False,MBU26 split/rate row is available; no current-finalist Light RUC row exists for this FY/scenario.
2011,FY2011,,,,7818.038709,0.0,0.0,7818.038709,1.0,0.0,0.0,1.0,315.173504278454,0.0,0.0,40.313628009494415,,,M10,M12,M14,M33,M35,M37,,data/revenue_model_source_pack/mbu26_annual_spine/mbu26_annual_spine.csv,ACTUAL,7818.038709,2010Q3; 2010Q4; 2011Q1; 2011Q2,True,0.0,0.0,True,True,pre_ev_phev_or_zero_split_overlap,current_light_ruc_total_allocated_by_mbu26_conventional_bev_phev_shares,,,,,,,,,,,0.0,0.0,False,business_rule_ready_no_current_forecast_row,False,MBU26 split/rate row is available; no current-finalist Light RUC row exists for this FY/scenario.
2012,FY2012,,,,7932.324522,0.0,0.0,7932.324522,1.0,0.0,0.0,1.0,327.6064122,0.0,0.0,41.30017768327507,,,N10,N12,N14,N33,N35,N37,,data/revenue_model_source_pack/mbu26_annual_spine/mbu26_annual_spine.csv,ACTUAL,7932.324522,2011Q3; 2011Q4; 2012Q1; 2012Q2,True,0.0,0.0,True,True,pre_ev_phev_or_zero_split_overlap,current_light_ruc_total_allocated_by_mbu26_conventional_bev_phev_shares,,,,,,,,,,,0.0,0.0,False,business_rule_ready_no_current_forecast_row,False,MBU26 split/rate row is available; no current-finalist Light RUC row exists for this FY/scenario.
2013,FY2013,,,,8150.161816,0.0,0.0,8150.161816,1.0,0.0,0.0,1.0,347.812486913043,0.0,0.0,42.67553145144119,,,O10,O12,O14,O33,O35,O37,,data/revenue_model_source_pack/mbu26_annual_spine/mbu26_annual_spine.csv,ACTUAL,8150.161816,2012Q3; 2012Q4; 2013Q1; 2013Q2,True,0.0,0.0,True,True,pre_ev_phev_or_zero_split_overlap,current_light_ruc_total_allocated_by_mbu26_conventional_bev_phev_shares,,,,,,,,,,,0.0,0.0,False,business_rule_ready_no_current_forecast_row,False,MBU26 split/rate row is available; no current-finalist Light RUC row exists for this FY/scenario.
2014,FY2014,,,,8809.590297,0.0,0.0,8809.590297,1.0,0.0,0.0,1.0,415.681950782609,0.0,0.0,47.18516262035074,,,P10,P12,P14,P33,P35,P37,,data/revenue_model_source_pack/mbu26_annual_spine/mbu26_annual_spine.csv,ACTUAL,8809.590297,2013Q3; 2013Q4; 2014Q1; 2014Q2,True,0.0,0.0,True,True,pre_ev_phev_or_zero_split_overlap,current_light_ruc_total_allocated_by_mbu26_conventional_bev_phev_shares,,,,,,,,,,,0.0,0.0,False,business_rule_ready_no_current_forecast_row,False,MBU26 split/rate row is available; no current-finalist Light RUC row exists for this FY/scenario.
2015,FY2015,,,,9167.483044,0.0,0.0,9167.483044,1.0,0.0,0.0,1.0,471.299792052174,0.0,0.0,51.409944233344795,,,Q10,Q12,Q14,Q33,Q35,Q37,,data/revenue_model_source_pack/mbu26_annual_spine/mbu26_annual_spine.csv,ACTUAL,9167.483044,2014Q3; 2014Q4; 2015Q1; 2015Q2,True,0.0,0.0,True,True,pre_ev_phev_or_zero_split_overlap,current_light_ruc_total_allocated_by_mbu26_conventional_bev_phev_shares,,,,,,,,,,,0.0,0.0,False,business_rule_ready_no_current_forecast_row,False,MBU26 split/rate row is available; no current-finalist Light RUC row exists for this FY/scenario.
2016,FY2016,,,,9669.475028,0.0,0.0,9669.475028,1.0,0.0,0.0,1.0,530.085117,0.0,0.0,54.820464964750094,,,R10,R12,R14,R33,R35,R37,,data/revenue_model_source_pack/mbu26_annual_spine/mbu26_annual_spine.csv,ACTUAL,9669.475028,2015Q3; 2015Q4; 2016Q1; 2016Q2,True,0.0,0.0,True,True,pre_ev_phev_or_zero_split_overlap,current_light_ruc_total_allocated_by_mbu26_conventional_bev_phev_shares,,,,,,,,,,,0.0,0.0,False,business_rule_ready_no_current_forecast_row,False,MBU26 split/rate row is available; no current-finalist Light RUC row exists for this FY/scenario.
2017,FY2017,,,,10425.610839,0.0,0.0,10425.610839,1.0,0.0,0.0,1.0,571.287437773913,0.0,0.0,54.79654349238202,,,S10,S12,S14,S33,S35,S37,,data/revenue_model_source_pack/mbu26_annual_spine/mbu26_annual_spine.csv,ACTUAL,10425.610839,2016Q3; 2016Q4; 2017Q1; 2017Q2,True,0.0,0.0,True,True,pre_ev_phev_or_zero_split_overlap,current_light_ruc_total_allocated_by_mbu26_conventional_bev_phev_shares,,,,,,,,,,,0.0,0.0,False,business_rule_ready_no_current_forecast_row,False,MBU26 split/rate row is available; no current-finalist Light RUC row exists for this FY/scenario.
2018,FY2018,,,,11112.22716,0.0,0.0,11112.22716,1.0,0.0,0.0,1.0,607.891847913044,0.0,0.0,54.704771524221066,,,T10,T12,T14,T33,T35,T37,,data/revenue_model_source_pack/mbu26_annual_spine/mbu26_annual_spine.csv,ACTUAL,11112.22716,2017Q3; 2017Q4; 2018Q1; 2018Q2,True,0.0,0.0,True,True,pre_ev_phev_or_zero_split_overlap,current_light_ruc_total_allocated_by_mbu26_conventional_bev_phev_shares,,,,,,,,,,,0.0,0.0,False,business_rule_ready_no_current_forecast_row,False,MBU26 split/rate row is available; no current-finalist Light RUC row exists for this FY/scenario.
2019,FY2019,,,,11898.225208,0.0,0.0,11898.225208,1.0,0.0,0.0,1.0,695.557280486957,0.0,0.0,58.458910327170955,,,U10,U12,U14,U33,U35,U37,,data/revenue_model_source_pack/mbu26_annual_spine/mbu26_annual_spine.csv,ACTUAL,11898.225208,2018Q3; 2018Q4; 2019Q1; 2019Q2,True,0.0,0.0,True,True,pre_ev_phev_or_zero_split_overlap,current_light_ruc_total_allocated_by_mbu26_conventional_bev_phev_shares,,,,,,,,,,,0.0,0.0,False,business_rule_ready_no_current_forecast_row,False,MBU26 split/rate row is available; no current-finalist Light RUC row exists for this FY/scenario.
2020,FY2020,,,,11385.93681,0.0,0.0,11385.93681,1.0,0.0,0.0,1.0,720.453579834783,0.0,0.0,63.27574022736765,,,V10,V12,V14,V33,V35,V37,,data/revenue_model_source_pack/mbu26_annual_spine/mbu26_annual_spine.csv,ACTUAL,11385.93681,2019Q3; 2019Q4; 2020Q1; 2020Q2,True,0.0,0.0,True,True,pre_ev_phev_or_zero_split_overlap,current_light_ruc_total_allocated_by_mbu26_conventional_bev_phev_shares,,,,,,,,,,,0.0,0.0,False,business_rule_ready_no_current_forecast_row,False,MBU26 split/rate row is available; no current-finalist Light RUC row exists for this FY/scenario.
2021,FY2021,,,,11998.163013,0.0,0.0,11998.163013,1.0,0.0,0.0,1.0,801.218457113044,0.0,0.0,66.77842735133075,,,W10,W12,W14,W33,W35,W37,,data/revenue_model_source_pack/mbu26_annual_spine/mbu26_annual_spine.csv,ACTUAL,11998.163013,2020Q3; 2020Q4; 2021Q1; 2021Q2,True,0.0,0.0,True,True,pre_ev_phev_or_zero_split_overlap,current_light_ruc_total_allocated_by_mbu26_conventional_bev_phev_shares,,,,,,,,,,,0.0,0.0,False,business_rule_ready_no_current_forecast_row,False,MBU26 split/rate row is available; no current-finalist Light RUC row exists for this FY/scenario.
2022,FY2022,,,,12644.208208,0.0,0.0,12644.208208,1.0,0.0,0.0,1.0,752.991904730435,0.0,0.0,59.55231773659156,,,X10,X12,X14,X33,X35,X37,,data/revenue_model_source_pack/mbu26_annual_spine/mbu26_annual_spine.csv,ACTUAL,12644.208208,2021Q3; 2021Q4; 2022Q1; 2022Q2,True,0.0,0.0,True,True,pre_ev_phev_or_zero_split_overlap,current_light_ruc_total_allocated_by_mbu26_conventional_bev_phev_shares,,,,,,,,,,,0.0,0.0,False,business_rule_ready_no_current_forecast_row,False,MBU26 split/rate row is available; no current-finalist Light RUC row exists for this FY/scenario.
2023,FY2023,,,,13553.287615,0.0,0.0,13553.287615,1.0,0.0,0.0,1.0,595.74682046087,0.0,0.0,43.95589006770074,,,Y10,Y12,Y14,Y33,Y35,Y37,,data/revenue_model_source_pack/mbu26_annual_spine/mbu26_annual_spine.csv,ACTUAL,13553.287615,2022Q3; 2022Q4; 2023Q1; 2023Q2,True,0.0,0.0,True,True,pre_ev_phev_or_zero_split_overlap,current_light_ruc_total_allocated_by_mbu26_conventional_bev_phev_shares,,,,,,,,,,,0.0,0.0,False,business_rule_ready_no_current_forecast_row,False,MBU26 split/rate row is available; no current-finalist Light RUC row exists for this FY/scenario.
2024,FY2024,,,,10355.550659,413.518791,194.94237,10964.011820000002,0.9445037846557155,0.037716011054063234,0.017780204290221202,0.9999999999999999,696.350840121739,28.0351797217391,6.8007892,67.24421163606023,67.79662818693795,34.88615225104732,Z10,Z12,Z14,Z33,Z35,Z37,,data/revenue_model_source_pack/mbu26_annual_spine/mbu26_annual_spine.csv,ACTUAL,10355.550659,2023Q3; 2023Q4; 2024Q1; 2024Q2,True,0.0,-608.4611610000011,True,False,matches_conventional_light_not_total_universe,current_light_ruc_total_allocated_by_mbu26_conventional_bev_phev_shares,,,,,,,,,,,28.0351797217391,6.8007892,False,business_rule_ready_no_current_forecast_row,False,MBU26 split/rate row is available; no current-finalist Light RUC row exists for this FY/scenario.
2025,FY2025,Current finalist Base case,current_basecase,basecase,12273.983872,820.641429,435.117435,13529.742736,0.907185311021571,0.06065462182192376,0.032160067156505316,1.0,830.974453217391,55.4022559304348,15.1075641391304,67.7020975327375,67.51091764638998,34.720659123048925,AA10,AA12,AA14,AA33,AA35,AA37,,data/revenue_model_source_pack/mbu26_annual_spine/mbu26_annual_spine.csv,ACTUAL,12273.983872,2024Q3; 2024Q4; 2025Q1; 2025Q2,True,0.0,-1255.7588639999994,True,False,matches_conventional_light_not_total_universe,current_light_ruc_total_allocated_by_mbu26_conventional_bev_phev_shares,13529.742736,12273.983872,820.641429,435.117435,13529.742736,0.0,830.974453217391,55.4022559304348,15.1075641391304,915.9919623055187,55.4022559304348,15.1075641391304,False,legacy_light_only_comparator_superseded_by_ped_light_migration,True,Legacy Light-only split comparator retained for governance. Active current-finalist rows use the PED-Light optimized migration audit.
2025,FY2025,Current finalist High population/comparison,current_comparison_1,comparison,12273.983872,820.641429,435.117435,13529.742736,0.907185311021571,0.06065462182192376,0.032160067156505316,1.0,830.974453217391,55.4022559304348,15.1075641391304,67.7020975327375,67.51091764638998,34.720659123048925,AA10,AA12,AA14,AA33,AA35,AA37,,data/revenue_model_source_pack/mbu26_annual_spine/mbu26_annual_spine.csv,ACTUAL,12273.983872,2024Q3; 2024Q4; 2025Q1; 2025Q2,True,0.0,-1255.7588639999994,True,False,matches_conventional_light_not_total_universe,current_light_ruc_total_allocated_by_mbu26_conventional_bev_phev_shares,13529.742736,12273.983872,820.641429,435.117435,13529.742736,0.0,830.974453217391,55.4022559304348,15.1075641391304,915.9919623055187,55.4022559304348,15.1075641391304,False,legacy_light_only_comparator_superseded_by_ped_light_migration,True,Legacy Light-only split comparator retained for governance. Active current-finalist rows use the PED-Light optimized migration audit.
2026,FY2026,Current finalist Base case,current_basecase,basecase,12899.1247322853,1209.37911079624,633.39411052937,14741.897953610911,0.8749975595324048,0.08203686625710309,0.04296557421049202,0.9999999999999998,873.815974346887,81.4648074039889,21.8403214998817,67.74226875718223,67.36085209075051,34.4814091839728,AB10,AB12,AB14,AB33,AB35,AB37,,data/revenue_model_source_pack/mbu26_annual_spine/mbu26_annual_spine.csv,ST_FORECAST,6430.924246,2025Q3; 2025Q4; 2026Q1,False,-6468.2004862853,-8310.973707610912,False,False,model_input_full_year_missing,current_light_ruc_total_allocated_by_mbu26_conventional_bev_phev_shares,12958.324485147517,12534.34334288384,1195.3549496168234,626.0491671473823,14355.747459648046,-1397.4229745005287,849.104855428435,80.52012795708538,21.587057501694268,877.8262999156382,81.4648074039889,21.8403214998817,False,legacy_light_only_comparator_superseded_by_ped_light_migration,True,Legacy Light-only split comparator retained for governance. Active current-finalist rows use the PED-Light optimized migration audit.
2026,FY2026,Current finalist High population/comparison,current_comparison_1,comparison,12899.1247322853,1209.37911079624,633.39411052937,14741.897953610911,0.8749975595324048,0.08203686625710309,0.04296557421049202,0.9999999999999998,873.815974346887,81.4648074039889,21.8403214998817,67.74226875718223,67.36085209075051,34.4814091839728,AB10,AB12,AB14,AB33,AB35,AB37,,data/revenue_model_source_pack/mbu26_annual_spine/mbu26_annual_spine.csv,ST_FORECAST,6430.924246,2025Q3; 2025Q4; 2026Q1,False,-6468.2004862853,-8310.973707610912,False,False,model_input_full_year_missing,current_light_ruc_total_allocated_by_mbu26_conventional_bev_phev_shares,12971.18552182918,12554.783494371046,1196.5987341773407,626.7005805944694,14378.082809142858,-1406.8972873136772,850.4895176639188,80.60391034489915,21.609519155311226,878.6975357190233,81.4648074039889,21.8403214998817,False,legacy_light_only_comparator_superseded_by_ped_light_migration,True,Legacy Light-only split comparator retained for governance. Active current-finalist rows use the PED-Light optimized migration audit.
2027,FY2027,Current finalist Base case,current_basecase,basecase,12939.636710647,1572.19480045545,866.45343854562,15378.28494964807,0.8414226133157405,0.10223472939948543,0.05634265728477405,1.0,943.716988712666,114.634116955081,31.7081862571269,72.93226307784639,72.91343090682693,36.595372407258814,AC10,AC12,AC14,AC33,AC35,AC37,,data/revenue_model_source_pack/mbu26_annual_spine/mbu26_annual_spine.csv,ST_FORECAST,,,False,,,False,False,model_input_full_year_missing,current_light_ruc_total_allocated_by_mbu26_conventional_bev_phev_shares,12661.931159526843,12081.803553248876,1515.9069337205833,835.4325907049489,14433.14307767441,-1771.2119181475664,881.1532752004064,110.52997547301563,30.57296677800863,923.4632944001924,114.634116955081,31.7081862571269,False,legacy_light_only_comparator_superseded_by_ped_light_migration,True,Legacy Light-only split comparator retained for governance. Active current-finalist rows use the PED-Light optimized migration audit.
2027,FY2027,Current finalist High population/comparison,current_comparison_1,comparison,12939.636710647,1572.19480045545,866.45343854562,15378.28494964807,0.8414226133157405,0.10223472939948543,0.05634265728477405,1.0,943.716988712666,114.634116955081,31.7081862571269,72.93226307784639,72.91343090682693,36.595372407258814,AC10,AC12,AC14,AC33,AC35,AC37,,data/revenue_model_source_pack/mbu26_annual_spine/mbu26_annual_spine.csv,ST_FORECAST,,,False,,,False,False,model_input_full_year_missing,current_light_ruc_total_allocated_by_mbu26_conventional_bev_phev_shares,12738.262823623727,12168.272779366112,1525.5795909510744,840.7632959806592,14534.615666297846,-1796.3528426741195,887.4596715477264,111.23524209767646,30.76804592276659,929.0303354072761,114.634116955081,31.7081862571269,False,legacy_light_only_comparator_superseded_by_ped_light_migration,True,Legacy Light-only split comparator retained for governance. Active current-finalist rows use the PED-Light optimized migration audit.
2028,FY2028,Current finalist Base case,current_basecase,basecase,13427.7171481819,1989.37597979678,1114.1399728797,16531.23310085838,0.8122634933678765,0.12034044693819497,0.06739605969392862,1.0000000000000002,1091.83652480716,161.835735956468,44.6937250120693,81.31214805600769,81.34999999999998,40.11500000000012,AD10,AD12,AD14,AD33,AD35,AD37,,data/revenue_model_source_pack/mbu26_annual_spine/mbu26_annual_spine.csv,ST_FORECAST,,,False,,,False,False,model_input_full_year_missing,current_light_ruc_total_allocated_by_mbu26_conventional_bev_phev_shares,13340.530889183423,12567.229709197298,1901.675035976032,1065.0235021058074,15533.928247279136,-2193.3973580957136,1021.868442768109,154.70126417665017,42.72341778697459,1084.7472228070264,161.835735956468,44.6937250120693,False,legacy_light_only_comparator_superseded_by_ped_light_migration,True,Legacy Light-only split comparator retained for governance. Active current-finalist rows use the PED-Light optimized migration audit.
2028,FY2028,Current finalist High population/comparison,current_comparison_1,comparison,13427.7171481819,1989.37597979678,1114.1399728797,16531.23310085838,0.8122634933678765,0.12034044693819497,0.06739605969392862,1.0000000000000002,1091.83652480716,161.835735956468,44.6937250120693,81.31214805600769,81.34999999999998,40.11500000000012,AD10,AD12,AD14,AD33,AD35,AD37,,data/revenue_model_source_pack/mbu26_annual_spine/mbu26_annual_spine.csv,ST_FORECAST,,,False,,,False,False,model_input_full_year_missing,current_light_ruc_total_allocated_by_mbu26_conventional_bev_phev_shares,13492.076728159203,12731.089480068998,1925.290726174787,1078.2493501630784,15734.629556406864,-2242.5528282476607,1035.1922327176524,156.62240057431887,43.25397268179202,1097.069740503097,161.835735956468,44.6937250120693,False,legacy_light_only_comparator_superseded_by_ped_light_migration,True,Legacy Light-only split comparator retained for governance. Active current-finalist rows use the PED-Light optimized migration audit.
2029,FY2029,Current finalist Base case,current_basecase,basecase,13926.5605658137,2502.17964433063,1394.20153006706,17822.94174021139,0.7813839470951737,0.14039094560272924,0.07822510730209703,1.0,1199.40927936719,215.525243664418,59.2187099895983,86.12386911319989,86.13499999999968,42.47499999999995,AE10,AE12,AE14,AE33,AE35,AE37,,data/revenue_model_source_pack/mbu26_annual_spine/mbu26_annual_spine.csv,ST_FORECAST,,,False,,,False,False,model_input_full_year_missing,current_light_ruc_total_allocated_by_mbu26_conventional_bev_phev_shares,13800.49145671683,12794.527060351958,2353.0146277408467,1311.0875558833288,16458.629243976135,-2658.137787259304,1101.9141739110462,202.67691496045708,55.688443936144324,1188.5517199161136,215.525243664418,59.2187099895983,False,legacy_light_only_comparator_superseded_by_ped_light_migration,True,Legacy Light-only split comparator retained for governance. Active current-finalist rows use the PED-Light optimized migration audit.
2029,FY2029,Current finalist High population/comparison,current_comparison_1,comparison,13926.5605658137,2502.17964433063,1394.20153006706,17822.94174021139,0.7813839470951737,0.14039094560272924,0.07822510730209703,1.0,1199.40927936719,215.525243664418,59.2187099895983,86.12386911319989,86.13499999999968,42.47499999999995,AE10,AE12,AE14,AE33,AE35,AE37,,data/revenue_model_source_pack/mbu26_annual_spine/mbu26_annual_spine.csv,ST_FORECAST,,,False,,,False,False,model_input_full_year_missing,current_light_ruc_total_allocated_by_mbu26_conventional_bev_phev_shares,14031.55992218071,13039.550624370237,2396.699892692541,1335.4287591118966,16771.679276174673,-2740.119353993963,1123.016551268206,206.43974525707128,56.72233654327774,1208.4522301919126,215.525243664418,59.2187099895983,False,legacy_light_only_comparator_superseded_by_ped_light_migration,True,Legacy Light-only split comparator retained for governance. Active current-finalist rows use the PED-Light optimized migration audit.
2030,FY2030,Current finalist Base case,current_basecase,basecase,14402.4384228319,3074.13637597232,1688.91801832143,19165.49281712565,0.7514775936240136,0.16039954752561192,0.0881228588503745,1.0,1295.55904536384,276.56467906435,74.92884788283,89.95414577228922,89.96500000000007,44.36499999999985,AF10,AF12,AF14,AF33,AF35,AF37,,data/revenue_model_source_pack/mbu26_annual_spine/mbu26_annual_spine.csv,ST_FORECAST,,,False,,,False,False,model_input_full_year_missing,current_light_ruc_total_allocated_by_mbu26_conventional_bev_phev_shares,14081.509316140995,12818.2720466097,2827.9596878757407,1553.6695474120995,17199.90128189754,-3118.391965756544,1153.056712229589,254.41739331974122,68.92854947093757,1266.6901417179956,276.56467906435,74.92884788283,False,legacy_light_only_comparator_superseded_by_ped_light_migration,True,Legacy Light-only split comparator retained for governance. Active current-finalist rows use the PED-Light optimized migration audit.
2030,FY2030,Current finalist High population/comparison,current_comparison_1,comparison,14402.4384228319,3074.13637597232,1688.91801832143,19165.49281712565,0.7514775936240136,0.16039954752561192,0.0881228588503745,1.0,1295.55904536384,276.56467906435,74.92884788283,89.95414577228922,89.96500000000007,44.36499999999985,AF10,AF12,AF14,AF33,AF35,AF37,,data/revenue_model_source_pack/mbu26_annual_spine/mbu26_annual_spine.csv,ST_FORECAST,,,False,,,False,False,model_input_full_year_missing,current_light_ruc_total_allocated_by_mbu26_conventional_bev_phev_shares,14393.535849538132,13144.558732914782,2898.429629334311,1592.3854465536238,17635.373808802717,-3241.837959264585,1182.4075523730335,260.7572216030615,70.64618033635129,1294.7582219880237,276.56467906435,74.92884788283,False,legacy_light_only_comparator_superseded_by_ped_light_migration,True,Legacy Light-only split comparator retained for governance. Active current-finalist rows use the PED-Light optimized migration audit.
2031,FY2031,Current finalist Base case,current_basecase,basecase,14246.1931200422,3699.27203826942,1982.30123651121,19927.76639482283,0.714891615938619,0.18563405275718603,0.09947433130419502,1.0,1336.15045272876,346.954724469289,91.6913436948262,93.79000000000013,93.79,46.255000000000095,AG10,AG12,AG14,AG33,AG35,AG37,,data/revenue_model_source_pack/mbu26_annual_spine/mbu26_annual_spine.csv,LT_FORECAST,,,False,,,False,False,model_input_full_year_missing,current_light_ruc_total_allocated_by_mbu26_conventional_bev_phev_shares,14432.072431448823,12849.811829951308,3413.3559637767607,1829.0895283313555,18092.257322059424,-3660.1848906106006,1205.183851531135,320.1386558426224,84.60453613296703,1353.584073345587,346.954724469289,91.6913436948262,False,legacy_light_only_comparator_superseded_by_ped_light_migration,True,Legacy Light-only split comparator retained for governance. Active current-finalist rows use the PED-Light optimized migration audit.
2031,FY2031,Current finalist High population/comparison,current_comparison_1,comparison,14246.1931200422,3699.27203826942,1982.30123651121,19927.76639482283,0.714891615938619,0.18563405275718603,0.09947433130419502,1.0,1336.15045272876,346.954724469289,91.6913436948262,93.79000000000013,93.79,46.255000000000095,AG10,AG12,AG14,AG33,AG35,AG37,,data/revenue_model_source_pack/mbu26_annual_spine/mbu26_annual_spine.csv,LT_FORECAST,,,False,,,False,False,model_input_full_year_missing,current_light_ruc_total_allocated_by_mbu26_conventional_bev_phev_shares,14830.705955293011,13261.467082662988,3520.79753824693,1886.6634411773443,18668.928062087263,-3838.222106794252,1243.7929976829635,330.21560111217957,87.26761747165824,1390.9719115469336,346.954724469289,91.6913436948262,False,legacy_light_only_comparator_superseded_by_ped_light_migration,True,Legacy Light-only split comparator retained for governance. Active current-finalist rows use the PED-Light optimized migration audit.
2032,FY2032,Current finalist Base case,current_basecase,basecase,14040.9690145148,4398.02707007662,2294.23844446945,20733.23452906087,0.6772203823206739,0.2121245030008269,0.1106551146784992,1.0,1370.60919035186,429.313412445529,110.444638716759,97.61499999999984,97.61499999999995,48.139999999999866,AH10,AH12,AH14,AH33,AH35,AH37,,data/revenue_model_source_pack/mbu26_annual_spine/mbu26_annual_spine.csv,LT_FORECAST,,,False,,,False,False,model_input_full_year_missing,current_light_ruc_total_allocated_by_mbu26_conventional_bev_phev_shares,14788.609655277314,12839.43028315563,4067.7384245470867,2121.9428000198595,19029.111507722577,-4240.501852445263,1253.320987090235,397.07228631216367,102.15032639295575,1443.5901314998928,429.313412445529,110.444638716759,False,legacy_light_only_comparator_superseded_by_ped_light_migration,True,Legacy Light-only split comparator retained for governance. Active current-finalist rows use the PED-Light optimized migration audit.
2032,FY2032,Current finalist High population/comparison,current_comparison_1,comparison,14040.9690145148,4398.02707007662,2294.23844446945,20733.23452906087,0.6772203823206739,0.2121245030008269,0.1106551146784992,1.0,1370.60919035186,429.313412445529,110.444638716759,97.61499999999984,97.61499999999995,48.139999999999866,AH10,AH12,AH14,AH33,AH35,AH37,,data/revenue_model_source_pack/mbu26_annual_spine/mbu26_annual_spine.csv,LT_FORECAST,,,False,,,False,False,model_input_full_year_missing,current_light_ruc_total_allocated_by_mbu26_conventional_bev_phev_shares,15278.263723866317,13337.547689673389,4225.023186600371,2203.9906687760626,19766.561545049823,-4488.297821183505,1301.9447177274658,412.42563835999505,106.10011079487936,1491.3877134052082,429.313412445529,110.444638716759,False,legacy_light_only_comparator_superseded_by_ped_light_migration,True,Legacy Light-only split comparator retained for governance. Active current-finalist rows use the PED-Light optimized migration audit.
2033,FY2033,Current finalist Base case,current_basecase,basecase,13782.7022644857,5198.25079890367,2610.75237942357,21591.70544281294,0.6383331923914068,0.24075220980906678,0.1209145977995263,0.9999999999999999,1398.18623122075,527.336552294783,130.602887780664,101.44499999999985,101.44500000000004,50.02499999999996,AI10,AI12,AI14,AI33,AI35,AI37,,data/revenue_model_source_pack/mbu26_annual_spine/mbu26_annual_spine.csv,LT_FORECAST,,,False,,,False,False,model_input_full_year_missing,current_light_ruc_total_allocated_by_mbu26_conventional_bev_phev_shares,15152.560046001963,12780.015642260098,4824.749571579688,2423.1663518007076,20027.931565640494,-4875.371519638531,1296.4686868290737,489.4467202889016,121.21889674883032,1537.151453866667,527.336552294783,130.602887780664,False,legacy_light_only_comparator_superseded_by_ped_light_migration,True,Legacy Light-only split comparator retained for governance. Active current-finalist rows use the PED-Light optimized migration audit.
2033,FY2033,Current finalist High population/comparison,current_comparison_1,comparison,13782.7022644857,5198.25079890367,2610.75237942357,21591.70544281294,0.6383331923914068,0.24075220980906678,0.1209145977995263,0.9999999999999999,1398.18623122075,527.336552294783,130.602887780664,101.44499999999985,101.44500000000004,50.02499999999996,AI10,AI12,AI14,AI33,AI35,AI37,,data/revenue_model_source_pack/mbu26_annual_spine/mbu26_annual_spine.csv,LT_FORECAST,,,False,,,False,False,model_input_full_year_missing,current_light_ruc_total_allocated_by_mbu26_conventional_bev_phev_shares,15737.884393030228,13365.689336464104,5046.703021140426,2534.6395220994896,20947.03187970402,-5209.147486673792,1355.8823547375991,511.9627879795907,126.79534209302687,1596.5296822509492,527.336552294783,130.602887780664,False,legacy_light_only_comparator_superseded_by_ped_light_migration,True,Legacy Light-only split comparator retained for governance. Active current-finalist rows use the PED-Light optimized migration audit.
2034,FY2034,Current finalist Base case,current_basecase,basecase,13486.5281007032,6169.96962436653,2923.8213822621,22580.31910733183,0.5972691544613347,0.27324545747288137,0.12948538806578402,1.0,1419.79424580153,649.543552205186,151.790187060137,105.27500000000003,105.2749999999999,51.91500000000002,AJ10,AJ12,AJ14,AJ33,AJ35,AJ37,,data/revenue_model_source_pack/mbu26_annual_spine/mbu26_annual_spine.csv,LT_FORECAST,,,False,,,False,False,model_input_full_year_missing,current_light_ruc_total_allocated_by_mbu26_conventional_bev_phev_shares,15525.473104397175,12657.390484470667,5742.698867766587,2721.3465808905326,21121.435933127785,-5595.9628287306095,1332.50678325265,604.5626233041269,141.27870774693207,1634.4441810654132,649.543552205186,151.790187060137,False,legacy_light_only_comparator_superseded_by_ped_light_migration,True,Legacy Light-only split comparator retained for governance. Active current-finalist rows use the PED-Light optimized migration audit.
2034,FY2034,Current finalist High population/comparison,current_comparison_1,comparison,13486.5281007032,6169.96962436653,2923.8213822621,22580.31910733183,0.5972691544613347,0.27324545747288137,0.12948538806578402,1.0,1419.79424580153,649.543552205186,151.790187060137,105.27500000000003,105.2749999999999,51.91500000000002,AJ10,AJ12,AJ14,AJ33,AJ35,AJ37,,data/revenue_model_source_pack/mbu26_annual_spine/mbu26_annual_spine.csv,LT_FORECAST,,,False,,,False,False,model_input_full_year_missing,current_light_ruc_total_allocated_by_mbu26_conventional_bev_phev_shares,16211.338008385559,13331.159981403867,6049.371279710901,2866.6723134276253,22247.203574542393,-6035.865566156834,1403.4378670422925,636.8475614715645,148.82329315159524,1706.6486088327904,649.543552205186,151.790187060137,False,legacy_light_only_comparator_superseded_by_ped_light_migration,True,Legacy Light-only split comparator retained for governance. Active current-finalist rows use the PED-Light optimized migration audit.
2035,FY2035,Current finalist Base case,current_basecase,basecase,13152.7808038663,7342.70646637953,3221.10020837769,23716.58747862352,0.5545815061176613,0.30960214967679195,0.13581634420554664,1.0,1434.96838570181,801.089275482007,173.295191210719,109.09999999999974,109.10000000000005,53.79999999999978,AK10,AK12,AK14,AK33,AK35,AK37,,data/revenue_model_source_pack/mbu26_annual_spine/mbu26_annual_spine.csv,LT_FORECAST,,,False,,,False,False,model_input_full_year_missing,current_light_ruc_total_allocated_by_mbu26_conventional_bev_phev_shares,15907.569703615438,12465.759588879871,6851.285084837401,3005.523360558102,22322.568034275373,-6414.998330659935,1360.0143711467906,747.4752027557607,161.69715679802522,1735.5158546644402,801.089275482007,173.295191210719,False,legacy_light_only_comparator_superseded_by_ped_light_migration,True,Legacy Light-only split comparator retained for governance. Active current-finalist rows use the PED-Light optimized migration audit.
2035,FY2035,Current finalist High population/comparison,current_comparison_1,comparison,13152.7808038663,7342.70646637953,3221.10020837769,23716.58747862352,0.5545815061176613,0.30960214967679195,0.13581634420554664,1.0,1434.96838570181,801.089275482007,173.295191210719,109.09999999999974,109.10000000000005,53.79999999999978,AK10,AK12,AK14,AK33,AK35,AK37,,data/revenue_model_source_pack/mbu26_annual_spine/mbu26_annual_spine.csv,LT_FORECAST,,,False,,,False,False,model_input_full_year_missing,current_light_ruc_total_allocated_by_mbu26_conventional_bev_phev_shares,16699.041090372455,13227.134062840993,7268.640112322383,3188.6087626717194,23684.382937835097,-6985.341847462641,1443.0803262559489,793.0086362543723,171.5471514317378,1821.8653829596306,801.089275482007,173.295191210719,False,legacy_light_only_comparator_superseded_by_ped_light_migration,True,Legacy Light-only split comparator retained for governance. Active current-finalist rows use the PED-Light optimized migration audit.
2036,FY2036,Current finalist Base case,current_basecase,basecase,12784.9358761227,8722.42544877532,3458.9885477007,24966.34987259872,0.5120867063612904,0.34936726807423424,0.13854602556447543,1.0,1443.73888381115,984.979893802953,192.613777278713,112.92499999999954,112.925,55.68499999999986,AL10,AL12,AL14,AL33,AL35,AL37,,data/revenue_model_source_pack/mbu26_annual_spine/mbu26_annual_spine.csv,LT_FORECAST,,,False,,,False,False,model_input_full_year_missing,current_light_ruc_total_allocated_by_mbu26_conventional_bev_phev_shares,16294.926424368336,12210.771296346069,8166.940640178657,3238.703994666504,23616.41593119123,-7321.489506822894,1378.9013486398742,922.2517717921748,180.34723194300383,1840.1045664717867,984.979893802953,192.613777278713,False,legacy_light_only_comparator_superseded_by_ped_light_migration,True,Legacy Light-only split comparator retained for governance. Active current-finalist rows use the PED-Light optimized migration audit.
2036,FY2036,Current finalist High population/comparison,current_comparison_1,comparison,12784.9358761227,8722.42544877532,3458.9885477007,24966.34987259872,0.5120867063612904,0.34936726807423424,0.13854602556447543,1.0,1443.73888381115,984.979893802953,192.613777278713,112.92499999999954,112.925,55.68499999999986,AL10,AL12,AL14,AL33,AL35,AL37,,data/revenue_model_source_pack/mbu26_annual_spine/mbu26_annual_spine.csv,LT_FORECAST,,,False,,,False,False,model_input_full_year_missing,current_light_ruc_total_allocated_by_mbu26_conventional_bev_phev_shares,17190.496810595647,13053.358315545758,8723.250946237098,3459.3159091993125,25235.925170982166,-8045.428360386519,1474.0504877829987,985.0731131038243,192.63200640376323,1941.2368523365055,984.979893802953,192.613777278713,False,legacy_light_only_comparator_superseded_by_ped_light_migration,True,Legacy Light-only split comparator retained for governance. Active current-finalist rows use the PED-Light optimized migration audit.
2037,FY2037,Current finalist Base case,current_basecase,basecase,12371.4019487283,10347.7667235734,3633.92319725474,26353.09186955644,0.46944783594899403,0.39265854552449403,0.13789361852651197,1.0,1444.42303452378,1208.15350381081,209.223128081942,116.75500000000058,116.75499999999977,57.575000000000095,AM10,AM12,AM14,AM33,AM35,AM37,,data/revenue_model_source_pack/mbu26_annual_spine/mbu26_annual_spine.csv,LT_FORECAST,,,False,,,False,False,model_input_full_year_missing,current_light_ruc_total_allocated_by_mbu26_conventional_bev_phev_shares,16675.021546277254,11874.328655294365,9724.04877076098,3414.886259351429,25013.26368540677,-8338.242139129517,1386.3872421489004,1135.3313142301959,196.61207638215888,1946.8921406356105,1208.15350381081,209.223128081942,False,legacy_light_only_comparator_superseded_by_ped_light_migration,True,Legacy Light-only split comparator retained for governance. Active current-finalist rows use the PED-Light optimized migration audit.
2037,FY2037,Current finalist High population/comparison,current_comparison_1,comparison,12371.4019487283,10347.7667235734,3633.92319725474,26353.09186955644,0.46944783594899403,0.39265854552449403,0.13789361852651197,1.0,1444.42303452378,1208.15350381081,209.223128081942,116.75500000000058,116.75499999999977,57.575000000000095,AM10,AM12,AM14,AM33,AM35,AM37,,data/revenue_model_source_pack/mbu26_annual_spine/mbu26_annual_spine.csv,LT_FORECAST,,,False,,,False,False,model_input_full_year_missing,current_light_ruc_total_allocated_by_mbu26_conventional_bev_phev_shares,17652.342657124576,12771.344578941409,10452.04811144986,3670.544679413097,26893.937369804367,-9241.594712679791,1491.1183363143116,1220.3288772523258,211.33160991720942,2060.99926693259,1208.15350381081,209.223128081942,False,legacy_light_only_comparator_superseded_by_ped_light_migration,True,Legacy Light-only split comparator retained for governance. Active current-finalist rows use the PED-Light optimized migration audit.
2038,FY2038,Current finalist Base case,current_basecase,basecase,11896.5686763478,12209.6897667792,3757.99931032245,27864.257753449452,0.42694726633710767,0.43818464051021433,0.13486809315267798,1.0,1434.5477338374,1472.30544052707,223.469428988324,120.58500000000004,120.58500000000001,59.464999999999876,AN10,AN12,AN14,AN33,AN35,AN37,,data/revenue_model_source_pack/mbu26_annual_spine/mbu26_annual_spine.csv,LT_FORECAST,,,False,,,False,False,model_input_full_year_missing,current_light_ruc_total_allocated_by_mbu26_conventional_bev_phev_shares,17062.63274556055,11469.129700869998,11529.166625008656,3548.542268720091,26546.838594598747,-9484.205849038197,1383.0050049794093,1390.244557476669,211.01406600943977,2057.4975696234196,1472.30544052707,223.469428988324,False,legacy_light_only_comparator_superseded_by_ped_light_migration,True,Legacy Light-only split comparator retained for governance. Active current-finalist rows use the PED-Light optimized migration audit.
2038,FY2038,Current finalist High population/comparison,current_comparison_1,comparison,11896.5686763478,12209.6897667792,3757.99931032245,27864.257753449452,0.42694726633710767,0.43818464051021433,0.13486809315267798,1.0,1434.5477338374,1472.30544052707,223.469428988324,120.58500000000004,120.58500000000001,59.464999999999876,AN10,AN12,AN14,AN33,AN35,AN37,,data/revenue_model_source_pack/mbu26_annual_spine/mbu26_annual_spine.csv,LT_FORECAST,,,False,,,False,False,model_input_full_year_missing,current_light_ruc_total_allocated_by_mbu26_conventional_bev_phev_shares,18123.018104620573,12415.522267890443,12469.665576924359,3838.016815589805,28723.204660404608,-10600.186555784036,1497.1257526735697,1503.654623593424,228.22766993904727,2185.3641381456723,1472.30544052707,223.469428988324,False,legacy_light_only_comparator_superseded_by_ped_light_migration,True,Legacy Light-only split comparator retained for governance. Active current-finalist rows use the PED-Light optimized migration audit.
2039,FY2039,Current finalist Base case,current_basecase,basecase,11374.9392472356,14357.6989741182,3866.75405461716,29599.39227597096,0.3842963781546918,0.4850673567975213,0.13063626504778694,1.0,1415.15619174858,1786.24132937004,237.225361250763,124.40999999999993,124.40999999999961,61.350000000000065,AO10,AO12,AO14,AO33,AO35,AO37,,data/revenue_model_source_pack/mbu26_annual_spine/mbu26_annual_spine.csv,LT_FORECAST,,,False,,,False,False,model_input_full_year_missing,current_light_ruc_total_allocated_by_mbu26_conventional_bev_phev_shares,17459.26056344461,10983.559760568649,13608.830896335809,3665.072108132677,28257.462765037133,-10798.202201592521,1366.4646698123447,1693.0746518131327,224.85217383393996,2172.106606698143,1786.24132937004,237.225361250763,False,legacy_light_only_comparator_superseded_by_ped_light_migration,True,Legacy Light-only split comparator retained for governance. Active current-finalist rows use the PED-Light optimized migration audit.
2039,FY2039,Current finalist High population/comparison,current_comparison_1,comparison,11374.9392472356,14357.6989741182,3866.75405461716,29599.39227597096,0.3842963781546918,0.4850673567975213,0.13063626504778694,1.0,1415.15619174858,1786.24132937004,237.225361250763,124.40999999999993,124.40999999999961,61.350000000000065,AO10,AO12,AO14,AO33,AO35,AO37,,data/revenue_model_source_pack/mbu26_annual_spine/mbu26_annual_spine.csv,LT_FORECAST,,,False,,,False,False,model_input_full_year_missing,current_light_ruc_total_allocated_by_mbu26_conventional_bev_phev_shares,18606.250487421945,11975.319609515294,14810.39400287183,3988.6719427894623,30774.38555517659,-12168.135067754643,1489.8495126197968,1842.5611178972788,244.70502369013377,2314.803623140163,1786.24132937004,237.225361250763,False,legacy_light_only_comparator_superseded_by_ped_light_migration,True,Legacy Light-only split comparator retained for governance. Active current-finalist rows use the PED-Light optimized migration audit.
2040,FY2040,Current finalist Base case,current_basecase,basecase,10822.4760796405,16789.7058132265,3908.902347702,31521.084240569005,0.343340857092457,0.532650009279104,0.12400913362843886,0.9999999999999999,1387.8202200727,2153.0279249591,247.179439956936,128.23500000000004,128.23499999999996,63.235,AP10,AP12,AP14,AP33,AP35,AP37,,data/revenue_model_source_pack/mbu26_annual_spine/mbu26_annual_spine.csv,LT_FORECAST,,,False,,,False,False,model_input_full_year_missing,current_light_ruc_total_allocated_by_mbu26_conventional_bev_phev_shares,17865.114915668506,10444.257554285454,15958.062311554162,3715.282919684553,30117.602785524166,-12252.48786985566,1339.3193674737956,2046.3821205221473,234.9359154262527,2290.933011210752,2153.0279249591,247.179439956936,False,legacy_light_only_comparator_superseded_by_ped_light_migration,True,Legacy Light-only split comparator retained for governance. Active current-finalist rows use the PED-Light optimized migration audit.
2040,FY2040,Current finalist High population/comparison,current_comparison_1,comparison,10822.4760796405,16789.7058132265,3908.902347702,31521.084240569005,0.343340857092457,0.532650009279104,0.12400913362843886,0.9999999999999999,1387.8202200727,2153.0279249591,247.179439956936,128.23500000000004,128.23499999999996,63.235,AP10,AP12,AP14,AP33,AP35,AP37,,data/revenue_model_source_pack/mbu26_annual_spine/mbu26_annual_spine.csv,LT_FORECAST,,,False,,,False,False,model_input_full_year_missing,current_light_ruc_total_allocated_by_mbu26_conventional_bev_phev_shares,19102.375012584434,11477.203913674079,17474.348476570656,4068.2977143542657,33019.850104599,-13917.475092014563,1471.779243869996,2240.8230768930375,257.258805967192,2449.593059738766,2153.0279249591,247.179439956936,False,legacy_light_only_comparator_superseded_by_ped_light_migration,True,Legacy Light-only split comparator retained for governance. Active current-finalist rows use the PED-Light optimized migration audit.
2041,FY2041,Current finalist Base case,current_basecase,basecase,10279.1712987887,19398.2307000633,3858.403321145,33535.805319997,0.3065133280893467,0.5784334240661985,0.11505324784445478,1.0,1357.51875757453,2561.82733740386,251.278516289568,132.06500000000003,132.06500000000003,65.12499999999996,AQ10,AQ12,AQ14,AQ33,AQ35,AQ37,,data/revenue_model_source_pack/mbu26_annual_spine/mbu26_annual_spine.csv,LT_FORECAST,,,False,,,False,False,model_input_full_year_missing,current_light_ruc_total_allocated_by_mbu26_conventional_bev_phev_shares,18275.753617389055,9894.41467451837,18486.978083989237,3677.1507020465597,32058.543460554167,-13782.789843165112,1306.7058739902686,2441.482760662039,239.47443947078204,2413.587401480486,2561.82733740386,251.278516289568,False,legacy_light_only_comparator_superseded_by_ped_light_migration,True,Legacy Light-only split comparator retained for governance. Active current-finalist rows use the PED-Light optimized migration audit.
2041,FY2041,Current finalist High population/comparison,current_comparison_1,comparison,10279.1712987887,19398.2307000633,3858.403321145,33535.805319997,0.3065133280893467,0.5784334240661985,0.11505324784445478,1.0,1357.51875757453,2561.82733740386,251.278516289568,132.06500000000003,132.06500000000003,65.12499999999996,AQ10,AQ12,AQ14,AQ33,AQ35,AQ37,,data/revenue_model_source_pack/mbu26_annual_spine/mbu26_annual_spine.csv,LT_FORECAST,,,False,,,False,False,model_input_full_year_missing,current_light_ruc_total_allocated_by_mbu26_conventional_bev_phev_shares,19606.747198902613,10967.75458395479,20360.022362405165,4049.7084046656996,35377.48535102565,-15770.738152123038,1448.4565091299894,2688.8463532910387,263.7372598538535,2589.3650688230737,2561.82733740386,251.278516289568,False,legacy_light_only_comparator_superseded_by_ped_light_migration,True,Legacy Light-only split comparator retained for governance. Active current-finalist rows use the PED-Light optimized migration audit.
2042,FY2042,Current finalist Base case,current_basecase,basecase,9708.65423194621,22141.1732104773,3783.3597190837,35633.18716150721,0.2724610119196409,0.6213638176715028,0.10617517040885634,1.0,1319.30902357917,3008.76402757176,253.541851574394,135.88999999999996,135.89,67.01499999999996,AR10,AR12,AR14,AR33,AR35,AR37,,data/revenue_model_source_pack/mbu26_annual_spine/mbu26_annual_spine.csv,LT_FORECAST,,,False,,,False,False,model_input_full_year_missing,current_light_ruc_total_allocated_by_mbu26_conventional_bev_phev_shares,18677.11339636499,9299.897819154807,21186.151238010636,3620.170911195215,34106.21996836066,-15429.106571995668,1263.7631146449462,2878.986091733265,242.6057536137472,2538.032939432038,3008.76402757176,253.541851574394,False,legacy_light_only_comparator_superseded_by_ped_light_migration,True,Legacy Light-only split comparator retained for governance. Active current-finalist rows use the PED-Light optimized migration audit.
2042,FY2042,Current finalist High population/comparison,current_comparison_1,comparison,9708.65423194621,22141.1732104773,3783.3597190837,35633.18716150721,0.2724610119196409,0.6213638176715028,0.10617517040885634,1.0,1319.30902357917,3008.76402757176,253.541851574394,135.88999999999996,135.89,67.01499999999996,AR10,AR12,AR14,AR33,AR35,AR37,,data/revenue_model_source_pack/mbu26_annual_spine/mbu26_annual_spine.csv,LT_FORECAST,,,False,,,False,False,model_input_full_year_missing,current_light_ruc_total_allocated_by_mbu26_conventional_bev_phev_shares,20104.341003788148,10422.352382058478,23428.40421170841,4003.3145459087314,37854.071139675616,-17749.73013588747,1416.293465197926,3183.6858483290553,268.28212429407347,2731.9788990047705,3008.76402757176,253.541851574394,False,legacy_light_only_comparator_superseded_by_ped_light_migration,True,Legacy Light-only split comparator retained for governance. Active current-finalist rows use the PED-Light optimized migration audit.
2043,FY2043,Current finalist Base case,current_basecase,basecase,9162.12414366238,24856.2856440604,3690.86051347766,37709.27030120044,0.24296742075570504,0.6591558374246537,0.09787674181964122,0.9999999999999999,1280.08617473179,3472.7959487599,254.300289378611,139.71500000000006,139.71500000000003,68.90000000000008,AS10,AS12,AS14,AS33,AS35,AS37,,data/revenue_model_source_pack/mbu26_annual_spine/mbu26_annual_spine.csv,LT_FORECAST,,,False,,,False,False,model_input_full_year_missing,current_light_ruc_total_allocated_by_mbu26_conventional_bev_phev_shares,19085.775311661408,8734.335551390124,23896.822486660458,3548.39173385007,36179.54977190065,-17093.774460239245,1220.3176915624717,3338.744553723767,244.48419046227008,2666.5690976687747,3472.7959487599,254.300289378611,False,legacy_light_only_comparator_superseded_by_ped_light_migration,True,Legacy Light-only split comparator retained for governance. Active current-finalist rows use the PED-Light optimized migration audit.
2043,FY2043,Current finalist High population/comparison,current_comparison_1,comparison,9162.12414366238,24856.2856440604,3690.86051347766,37709.27030120044,0.24296742075570504,0.6591558374246537,0.09787674181964122,0.9999999999999999,1280.08617473179,3472.7959487599,254.300289378611,139.71500000000006,139.71500000000003,68.90000000000008,AS10,AS12,AS14,AS33,AS35,AS37,,data/revenue_model_source_pack/mbu26_annual_spine/mbu26_annual_spine.csv,LT_FORECAST,,,False,,,False,False,model_input_full_year_missing,current_light_ruc_total_allocated_by_mbu26_conventional_bev_phev_shares,20612.935943143606,9873.43575619389,26603.04025121256,3950.232637639487,40426.70864504593,-19813.772701902326,1379.46707667663,3716.8437686981633,272.17102873336097,2879.9363452963103,3472.7959487599,254.300289378611,False,legacy_light_only_comparator_superseded_by_ped_light_migration,True,Legacy Light-only split comparator retained for governance. Active current-finalist rows use the PED-Light optimized migration audit.
2044,FY2044,Current finalist Base case,current_basecase,basecase,8641.17139705809,27364.0603386263,3587.84262570015,39593.07436138453,0.21824956855297648,0.691132496781172,0.09061793466585166,1.0,1240.3969481907,3927.97404130812,253.965440260185,143.5449999999996,143.54500000000027,70.78499999999995,AT10,AT12,AT14,AT33,AT35,AT37,,data/revenue_model_source_pack/mbu26_annual_spine/mbu26_annual_spine.csv,LT_FORECAST,,,False,,,False,False,model_input_full_year_missing,current_light_ruc_total_allocated_by_mbu26_conventional_bev_phev_shares,19503.386354605118,8241.52782056991,26482.311489716634,3472.232001175451,38196.071311461994,-18692.684956856876,1183.0301110037044,3801.4034027913817,245.78194220320415,2799.6135942717838,3927.97404130812,253.965440260185,False,legacy_light_only_comparator_superseded_by_ped_light_migration,True,Legacy Light-only split comparator retained for governance. Active current-finalist rows use the PED-Light optimized migration audit.
2044,FY2044,Current finalist High population/comparison,current_comparison_1,comparison,8641.17139705809,27364.0603386263,3587.84262570015,39593.07436138453,0.21824956855297648,0.691132496781172,0.09061793466585166,1.0,1240.3969481907,3927.97404130812,253.965440260185,143.5449999999996,143.54500000000027,70.78499999999995,AT10,AT12,AT14,AT33,AT35,AT37,,data/revenue_model_source_pack/mbu26_annual_spine/mbu26_annual_spine.csv,LT_FORECAST,,,False,,,False,False,model_input_full_year_missing,current_light_ruc_total_allocated_by_mbu26_conventional_bev_phev_shares,21134.40528157965,9366.459497456093,29715.979340815382,3896.214816954855,42978.65365522633,-21844.24837364668,1344.5084285623311,4265.580254477352,275.79356581814926,3033.7382061443423,3927.97404130812,253.965440260185,False,legacy_light_only_comparator_superseded_by_ped_light_migration,True,Legacy Light-only split comparator retained for governance. Active current-finalist rows use the PED-Light optimized migration audit.
2045,FY2045,Current finalist Base case,current_basecase,basecase,8152.95919858563,29735.4698936684,3475.40875423459,41363.83784648862,0.1971035480035307,0.71887599027982,0.08402046171664938,1.0,1201.54236189156,4382.26487557937,252.575331213999,147.37500000000034,147.37499999999966,72.67500000000004,AU10,AU12,AU14,AU33,AU35,AU37,,data/revenue_model_source_pack/mbu26_annual_spine/mbu26_annual_spine.csv,LT_FORECAST,,,False,,,False,False,model_input_full_year_missing,current_light_ruc_total_allocated_by_mbu26_conventional_bev_phev_shares,19930.142682147296,7802.0975733934465,28978.60663586168,3386.9484339051623,40167.65264316029,-20237.509961012995,1149.8341298788619,4270.722152960105,246.14647743405783,2937.2047777814646,4382.26487557937,252.575331213999,False,legacy_light_only_comparator_superseded_by_ped_light_migration,True,Legacy Light-only split comparator retained for governance. Active current-finalist rows use the PED-Light optimized migration audit.
2045,FY2045,Current finalist High population/comparison,current_comparison_1,comparison,8152.95919858563,29735.4698936684,3475.40875423459,41363.83784648862,0.1971035480035307,0.71887599027982,0.08402046171664938,1.0,1201.54236189156,4382.26487557937,252.575331213999,147.37500000000034,147.37499999999966,72.67500000000004,AU10,AU12,AU14,AU33,AU35,AU37,,data/revenue_model_source_pack/mbu26_annual_spine/mbu26_annual_spine.csv,LT_FORECAST,,,False,,,False,False,model_input_full_year_missing,current_light_ruc_total_allocated_by_mbu26_conventional_bev_phev_shares,21669.075143811424,8910.516046030038,32698.486326784532,3821.7188440840687,45430.72121689864,-23761.646073087213,1313.1873022836799,4818.939422409859,277.7434169938099,3193.479949319216,4382.26487557937,252.575331213999,False,legacy_light_only_comparator_superseded_by_ped_light_migration,True,Legacy Light-only split comparator retained for governance. Active current-finalist rows use the PED-Light optimized migration audit.
2046,FY2046,Current finalist Base case,current_basecase,basecase,7688.0731540928,32156.3592151348,3358.80797409963,43203.240343327234,0.17795130858234867,0.7443043382763619,0.07774435314128932,0.9999999999999999,1162.43666089883,4862.04151332838,250.449516588739,151.19999999999985,151.19999999999993,74.56500000000003,AV10,AV12,AV14,AV33,AV35,AV37,,data/revenue_model_source_pack/mbu26_annual_spine/mbu26_annual_spine.csv,LT_FORECAST,,,False,,,False,False,model_input_full_year_missing,current_light_ruc_total_allocated_by_mbu26_conventional_bev_phev_shares,20366.244755370586,7388.458334009367,31447.677679841392,3284.784507204151,42120.92052105491,-21754.675765684326,1117.134900102215,4754.888865192017,244.92995677967758,3079.376207012029,4862.04151332838,250.449516588739,False,legacy_light_only_comparator_superseded_by_ped_light_migration,True,Legacy Light-only split comparator retained for governance. Active current-finalist rows use the PED-Light optimized migration audit.
2046,FY2046,Current finalist High population/comparison,current_comparison_1,comparison,7688.0731540928,32156.3592151348,3358.80797409963,43203.240343327234,0.17795130858234867,0.7443043382763619,0.07774435314128932,0.9999999999999999,1162.43666089883,4862.04151332838,250.449516588739,151.19999999999985,151.19999999999993,74.56500000000003,AV10,AV12,AV14,AV33,AV35,AV37,,data/revenue_model_source_pack/mbu26_annual_spine/mbu26_annual_spine.csv,LT_FORECAST,,,False,,,False,False,model_input_full_year_missing,current_light_ruc_total_allocated_by_mbu26_conventional_bev_phev_shares,22217.27992208709,8411.309329581034,35734.450358163005,3732.548078906082,47878.30776665012,-25661.02784456303,1271.789970632651,5403.048894154244,278.3174475036321,3359.2527242195647,4862.04151332838,250.449516588739,False,legacy_light_only_comparator_superseded_by_ped_light_migration,True,Legacy Light-only split comparator retained for governance. Active current-finalist rows use the PED-Light optimized migration audit.
2047,FY2047,Current finalist Base case,current_basecase,basecase,7243.45535058358,34537.073453697,3243.22777483264,45023.756579113215,0.1608807416559253,0.7670855583320861,0.07203370001198861,1.0,1122.91666572422,5354.10981215937,247.944763385955,155.02500000000006,155.0249999999998,76.4499999999999,AW10,AW12,AW14,AW33,AW35,AW37,,data/revenue_model_source_pack/mbu26_annual_spine/mbu26_annual_spine.csv,LT_FORECAST,,,False,,,False,False,model_input_full_year_missing,current_light_ruc_total_allocated_by_mbu26_conventional_bev_phev_shares,20811.89743404479,7019.724748289651,33815.87495048581,3175.5031304756676,44011.10282925113,-23199.205395206343,1088.2328291036035,5242.306014199056,242.76721432486448,3226.3643997127947,5354.10981215937,247.944763385955,False,legacy_light_only_comparator_superseded_by_ped_light_migration,True,Legacy Light-only split comparator retained for governance. Active current-finalist rows use the PED-Light optimized migration audit.
2047,FY2047,Current finalist High population/comparison,current_comparison_1,comparison,7243.45535058358,34537.073453697,3243.22777483264,45023.756579113215,0.1608807416559253,0.7670855583320861,0.07203370001198861,1.0,1122.91666572422,5354.10981215937,247.944763385955,155.02500000000006,155.0249999999998,76.4499999999999,AW10,AW12,AW14,AW33,AW35,AW37,,data/revenue_model_source_pack/mbu26_annual_spine/mbu26_annual_spine.csv,LT_FORECAST,,,False,,,False,False,model_input_full_year_missing,current_light_ruc_total_allocated_by_mbu26_conventional_bev_phev_shares,22779.362485957212,7881.41858012139,38690.31799404943,3633.2410765387563,50204.977650709574,-27425.615164752362,1221.816915383319,5997.966547027505,277.76128030138756,3531.370669385518,5354.10981215937,247.944763385955,False,legacy_light_only_comparator_superseded_by_ped_light_migration,True,Legacy Light-only split comparator retained for governance. Active current-finalist rows use the PED-Light optimized migration audit.
2048,FY2048,Current finalist Base case,current_basecase,basecase,6815.94251159561,36975.108256259,3136.52315345323,46927.57392130784,0.14524387139691397,0.7879185980988921,0.06683753050419396,1.0,1082.74654767952,5873.68082204803,245.699541225759,158.8549999999999,158.85500000000016,78.33500000000006,AX10,AX12,AX14,AX33,AX35,AX37,,data/revenue_model_source_pack/mbu26_annual_spine/mbu26_annual_spine.csv,LT_FORECAST,,,False,,,False,False,model_input_full_year_missing,current_light_ruc_total_allocated_by_mbu26_conventional_bev_phev_shares,21267.310073262717,6678.799962191586,36121.118734767675,3064.0809610355627,45863.99965799483,-24596.68958473211,1060.9607679939438,5738.020316611525,240.02478208272103,3378.418541688147,5873.68082204803,245.699541225759,False,legacy_light_only_comparator_superseded_by_ped_light_migration,True,Legacy Light-only split comparator retained for governance. Active current-finalist rows use the PED-Light optimized migration audit.
2048,FY2048,Current finalist High population/comparison,current_comparison_1,comparison,6815.94251159561,36975.108256259,3136.52315345323,46927.57392130784,0.14524387139691397,0.7879185980988921,0.06683753050419396,1.0,1082.74654767952,5873.68082204803,245.699541225759,158.8549999999999,158.85500000000016,78.33500000000006,AX10,AX12,AX14,AX33,AX35,AX37,,data/revenue_model_source_pack/mbu26_annual_spine/mbu26_annual_spine.csv,LT_FORECAST,,,False,,,False,False,model_input_full_year_missing,current_light_ruc_total_allocated_by_mbu26_conventional_bev_phev_shares,23355.674397372426,7277.212367068978,41591.16809105972,3528.09411111573,52396.47456924443,-29040.800171872,1156.021570570742,6606.965007105298,276.37325219425094,3710.165656394595,5873.68082204803,245.699541225759,False,legacy_light_only_comparator_superseded_by_ped_light_migration,True,Legacy Light-only split comparator retained for governance. Active current-finalist rows use the PED-Light optimized migration audit.
2049,FY2049,Current finalist Base case,current_basecase,basecase,6401.3158104673,39221.4923959718,3026.86315331079,48649.67135974989,0.13157983664743528,0.8062026176074345,0.062217545745130214,1.0,1041.39806262587,6380.74849043867,242.830096474358,162.68499999999955,162.68499999999995,80.22499999999995,AY10,AY12,AY14,AY33,AY35,AY37,,data/revenue_model_source_pack/mbu26_annual_spine/mbu26_annual_spine.csv,LT_FORECAST,,,False,,,False,False,model_input_full_year_missing,current_light_ruc_total_allocated_by_mbu26_conventional_bev_phev_shares,21732.696622202526,6395.470946164563,38284.655441541465,2954.564087548664,47634.69047525469,-25901.993853052165,1040.4471908767791,6228.339170507171,237.0299039235914,3535.583749983008,6380.74849043867,242.830096474358,False,legacy_light_only_comparator_superseded_by_ped_light_migration,True,Legacy Light-only split comparator retained for governance. Active current-finalist rows use the PED-Light optimized migration audit.
2049,FY2049,Current finalist High population/comparison,current_comparison_1,comparison,6401.3158104673,39221.4923959718,3026.86315331079,48649.67135974989,0.13157983664743528,0.8062026176074345,0.062217545745130214,1.0,1041.39806262587,6380.74849043867,242.830096474358,162.68499999999955,162.68499999999995,80.22499999999995,AY10,AY12,AY14,AY33,AY35,AY37,,data/revenue_model_source_pack/mbu26_annual_spine/mbu26_annual_spine.csv,LT_FORECAST,,,False,,,False,False,model_input_full_year_missing,current_light_ruc_total_allocated_by_mbu26_conventional_bev_phev_shares,23946.576131243408,6593.433221198735,44366.38654030357,3423.913075734488,54383.73283723679,-30437.156705993384,1072.6526835907132,7217.745594309283,274.6834265007991,3895.748737911323,6380.74849043867,242.830096474358,False,legacy_light_only_comparator_superseded_by_ped_light_migration,True,Legacy Light-only split comparator retained for governance. Active current-finalist rows use the PED-Light optimized migration audit.
2050,FY2050,Current finalist Base case,current_basecase,basecase,6001.20388736231,41168.8006989255,2910.04326079893,50080.04784708674,0.11983223150437569,0.8220599314247735,0.05810783707085083,1.0,999.260459284699,6855.01700437808,238.9436521442,166.51000000000013,166.50999999999988,82.10999999999994,AZ10,AZ12,AZ14,AZ33,AZ35,AZ37,,data/revenue_model_source_pack/mbu26_annual_spine/mbu26_annual_spine.csv,LT_FORECAST,,,False,,,False,False,model_input_full_year_missing,current_light_ruc_total_allocated_by_mbu26_conventional_bev_phev_shares,22208.275725061852,6177.147511391435,40290.658312708394,2847.971199197687,49315.777023297516,-27107.501298235664,1028.5568321217886,6708.79751564907,233.84691516612193,3697.899990980052,6855.01700437808,238.9436521442,False,legacy_light_only_comparator_superseded_by_ped_light_migration,True,Legacy Light-only split comparator retained for governance. Active current-finalist rows use the PED-Light optimized migration audit.
2050,FY2050,Current finalist High population/comparison,current_comparison_1,comparison,6001.20388736231,41168.8006989255,2910.04326079893,50080.04784708674,0.11983223150437569,0.8220599314247735,0.05810783707085083,1.0,999.260459284699,6855.01700437808,238.9436521442,166.51000000000013,166.50999999999988,82.10999999999994,AZ10,AZ12,AZ14,AZ33,AZ35,AZ37,,data/revenue_model_source_pack/mbu26_annual_spine/mbu26_annual_spine.csv,LT_FORECAST,,,False,,,False,False,model_input_full_year_missing,current_light_ruc_total_allocated_by_mbu26_conventional_bev_phev_shares,24552.43730160367,5827.302840050172,46990.07131536184,3321.5235332152583,56138.89768862727,-31586.460387023602,970.3041958967549,7824.3167747208945,272.7302973123047,4088.2263350900303,6855.01700437808,238.9436521442,False,legacy_light_only_comparator_superseded_by_ped_light_migration,True,Legacy Light-only split comparator retained for governance. Active current-finalist rows use the PED-Light optimized migration audit.
2051,FY2051,Current finalist Base case,current_basecase,basecase,5620.73455294094,43031.5853713679,2797.9081138829,51450.228038191744,0.10924605715583306,0.8363730737874545,0.05438086905671244,1.0,957.407820075195,7329.78509423196,235.010292025594,170.33499999999998,170.3350000000002,83.99499999999993,BA10,BA12,BA14,BA33,BA35,BA37,,data/revenue_model_source_pack/mbu26_annual_spine/mbu26_annual_spine.csv,LT_FORECAST,,,False,,,False,False,model_input_full_year_missing,current_light_ruc_total_allocated_by_mbu26_conventional_bev_phev_shares,22668.783467484667,5368.149393538653,43725.927832246925,2843.054170862699,51937.13139664828,-29268.34792916361,914.3837269484064,7448.055917305789,238.8023350816122,3861.2872319340004,7329.78509423196,235.010292025594,True,legacy_light_only_comparator_superseded_by_ped_light_migration,True,Legacy Light-only split comparator retained for governance. Active current-finalist rows use the PED-Light optimized migration audit.
2051,FY2051,Current finalist High population/comparison,current_comparison_1,comparison,5620.73455294094,43031.5853713679,2797.9081138829,51450.228038191744,0.10924605715583306,0.8363730737874545,0.05438086905671244,1.0,957.407820075195,7329.78509423196,235.010292025594,170.33499999999998,170.3350000000002,83.99499999999993,BA10,BA12,BA14,BA33,BA35,BA37,,data/revenue_model_source_pack/mbu26_annual_spine/mbu26_annual_spine.csv,LT_FORECAST,,,False,,,False,False,model_input_full_year_missing,current_light_ruc_total_allocated_by_mbu26_conventional_bev_phev_shares,25136.226646482814,6793.610154561968,44975.31752705694,2924.289327186652,54693.21700880556,-29556.990362322744,1157.1895856773126,7660.870710971253,245.62568203704262,4281.57916582865,7329.78509423196,235.010292025594,True,legacy_light_only_comparator_superseded_by_ped_light_migration,True,Legacy Light-only split comparator retained for governance. Active current-finalist rows use the PED-Light optimized migration audit.
2052,FY2052,Current finalist Base case,current_basecase,basecase,5297.64710087423,44609.5202451729,2687.73428111225,52594.90162715938,0.10072548739474375,0.8481719494677612,0.051102563137494984,0.9999999999999999,922.66470732376,7769.41709350053,230.836058733326,174.16499999999996,174.16499999999985,85.88500000000016,BB10,BB12,BB14,BB33,BB35,BB37,,data/revenue_model_source_pack/mbu26_annual_spine/mbu26_annual_spine.csv,LT_FORECAST,,,False,,,False,False,model_input_full_year_missing,current_light_ruc_total_allocated_by_mbu26_conventional_bev_phev_shares,23129.291209907486,5193.057584031656,45481.2668412791,2740.257222357086,53414.581647667845,-30285.29043776036,904.4488741228731,7921.244839411368,235.34699154213877,4028.313003573536,7769.41709350053,230.836058733326,True,legacy_light_only_comparator_superseded_by_ped_light_migration,True,Legacy Light-only split comparator retained for governance. Active current-finalist rows use the PED-Light optimized migration audit.
2052,FY2052,Current finalist High population/comparison,current_comparison_1,comparison,5297.64710087423,44609.5202451729,2687.73428111225,52594.90162715938,0.10072548739474375,0.8481719494677612,0.051102563137494984,0.9999999999999999,922.66470732376,7769.41709350053,230.836058733326,174.16499999999996,174.16499999999985,85.88500000000016,BB10,BB12,BB14,BB33,BB35,BB37,,data/revenue_model_source_pack/mbu26_annual_spine/mbu26_annual_spine.csv,LT_FORECAST,,,False,,,False,False,model_input_full_year_missing,current_light_ruc_total_allocated_by_mbu26_conventional_bev_phev_shares,25720.015991361957,6161.203695226774,46838.013409063424,2822.0015280786856,55821.21863236888,-30101.202641006923,1073.0660415791708,8157.542605389524,242.36760123903835,4479.526585135554,7769.41709350053,230.836058733326,True,legacy_light_only_comparator_superseded_by_ped_light_migration,True,Legacy Light-only split comparator retained for governance. Active current-finalist rows use the PED-Light optimized migration audit.
2053,FY2053,Current finalist Base case,current_basecase,basecase,4987.81282031804,46073.9897836358,2584.49395972113,53646.296563674965,0.09297590215566517,0.8588475390644853,0.04817655877984959,1.0,887.780803888408,8200.70944158934,226.853957314522,177.98999999999998,177.9900000000001,87.77499999999992,BC10,BC12,BC14,BC33,BC35,BC37,,data/revenue_model_source_pack/mbu26_annual_spine/mbu26_annual_spine.csv,LT_FORECAST,,,False,,,False,False,model_input_full_year_missing,current_light_ruc_total_allocated_by_mbu26_conventional_bev_phev_shares,23589.798952330304,5023.887657659201,47129.38907565545,2643.695976045914,54796.97270936056,-31207.173757030258,894.2017641867611,8388.559961575917,232.0504142974299,4198.74831552527,8200.70944158934,226.853957314522,True,legacy_light_only_comparator_superseded_by_ped_light_migration,True,Legacy Light-only split comparator retained for governance. Active current-finalist rows use the PED-Light optimized migration audit.
2053,FY2053,Current finalist High population/comparison,current_comparison_1,comparison,4987.81282031804,46073.9897836358,2584.49395972113,53646.296563674965,0.09297590215566517,0.8588475390644853,0.04817655877984959,1.0,887.780803888408,8200.70944158934,226.853957314522,177.98999999999998,177.9900000000001,87.77499999999992,BC10,BC12,BC14,BC33,BC35,BC37,,data/revenue_model_source_pack/mbu26_annual_spine/mbu26_annual_spine.csv,LT_FORECAST,,,False,,,False,False,model_input_full_year_missing,current_light_ruc_total_allocated_by_mbu26_conventional_bev_phev_shares,26303.805336241105,5555.610114109186,48593.20568682898,2725.8079270074772,56874.62372794564,-30570.818391704535,988.8430442102939,8649.104680198694,239.2577907930811,4681.814311797554,8200.70944158934,226.853957314522,True,legacy_light_only_comparator_superseded_by_ped_light_migration,True,Legacy Light-only split comparator retained for governance. Active current-finalist rows use the PED-Light optimized migration audit.
2054,FY2054,Current finalist Base case,current_basecase,basecase,4694.3599182578,47383.266321173,2491.90996327658,54569.53620270738,0.08602528525842404,0.8683098596469684,0.04566485509460768,1.0,844.515349294579,8524.24961117903,221.082251941898,179.90000000000018,179.90000000000015,88.71999999999993,BD10,BD12,BD14,BD33,BD35,BD37,,data/revenue_model_source_pack/mbu26_annual_spine/mbu26_annual_spine.csv,LT_FORECAST,,,False,,,False,False,model_input_full_year_missing,current_light_ruc_total_allocated_by_mbu26_conventional_bev_phev_shares,24050.30669475312,4871.5384214024125,48652.0293078397,2558.634851047741,56082.20258028986,-32031.89588553674,876.3897620102948,8752.500072480369,227.0020839849554,4326.65017438609,8524.24961117903,221.082251941898,True,legacy_light_only_comparator_superseded_by_ped_light_migration,True,Legacy Light-only split comparator retained for governance. Active current-finalist rows use the PED-Light optimized migration audit.
2054,FY2054,Current finalist High population/comparison,current_comparison_1,comparison,4694.3599182578,47383.266321173,2491.90996327658,54569.53620270738,0.08602528525842404,0.8683098596469684,0.04566485509460768,1.0,844.515349294579,8524.24961117903,221.082251941898,179.90000000000018,179.90000000000015,88.71999999999993,BD10,BD12,BD14,BD33,BD35,BD37,,data/revenue_model_source_pack/mbu26_annual_spine/mbu26_annual_spine.csv,LT_FORECAST,,,False,,,False,False,model_input_full_year_missing,current_light_ruc_total_allocated_by_mbu26_conventional_bev_phev_shares,26887.59468112025,4990.23503701657,50221.88402055991,2641.1943051176295,57853.313362694105,-30965.718681573857,897.7432831592818,9034.916935298736,234.32675875003588,4837.078283133537,8524.24961117903,221.082251941898,True,legacy_light_only_comparator_superseded_by_ped_light_migration,True,Legacy Light-only split comparator retained for governance. Active current-finalist rows use the PED-Light optimized migration audit.
2055,FY2055,Current finalist Base case,current_basecase,basecase,4388.46114954926,48685.1167264313,2396.34173142997,55469.91960741053,0.07911425112220609,0.8776850060537529,0.043200742824040975,0.9999999999999999,789.484160803912,8758.452499085,212.603438412467,179.90000000000003,179.9000000000002,88.72000000000003,BE10,BE12,BE14,BE33,BE35,BE37,,data/revenue_model_source_pack/mbu26_annual_spine/mbu26_annual_spine.csv,LT_FORECAST,,,False,,,False,False,model_input_full_year_missing,current_light_ruc_total_allocated_by_mbu26_conventional_bev_phev_shares,24510.814437175934,4707.8764266994585,50170.358302445304,2469.4471609569555,57347.681890101725,-32836.86745292579,846.9469691632328,9025.64745860992,219.08935212010115,4409.495517247951,8758.452499085,212.603438412467,True,legacy_light_only_comparator_superseded_by_ped_light_migration,True,Legacy Light-only split comparator retained for governance. Active current-finalist rows use the PED-Light optimized migration audit.
2055,FY2055,Current finalist High population/comparison,current_comparison_1,comparison,4388.46114954926,48685.1167264313,2396.34173142997,55469.91960741053,0.07911425112220609,0.8776850060537529,0.043200742824040975,0.9999999999999999,789.484160803912,8758.452499085,212.603438412467,179.90000000000003,179.9000000000002,88.72000000000003,BE10,BE12,BE14,BE33,BE35,BE37,,data/revenue_model_source_pack/mbu26_annual_spine/mbu26_annual_spine.csv,LT_FORECAST,,,False,,,False,False,model_input_full_year_missing,current_light_ruc_total_allocated_by_mbu26_conventional_bev_phev_shares,27471.384025999392,4411.325058927014,51848.64735691266,2552.0546264216287,58812.0270422613,-31340.64301626191,793.5973781009699,9327.571659508598,226.41828645612694,4942.101986277292,8758.452499085,212.603438412467,True,legacy_light_only_comparator_superseded_by_ped_light_migration,True,Legacy Light-only split comparator retained for governance. Active current-finalist rows use the PED-Light optimized migration audit.
