series_id,series_label,trace_name,trace_type,trace_role,trace_source,scenario_name,fed_path,period,june_year,value,value_unit,row_type,data_scope,source_file,source_cell,source_status,formula,model_id,replacement_only,value_status,actual_quarters,forecast_quarters,quarters_present,anchor_flag,nowcast_flag,plot_allowed
gross_fed_revenue,Gross FED revenue,Actual,Actual,source_actual,actual_benchmark,actual,,FY2024,2024,2073.93255766,$m nominal ex GST,historical_actual,mbu26_complete_actual_line,mbu26_annual_spine.csv,Z48,ACTUAL,gross_ped_revenue + gross_lpg_revenue + gross_cng_revenue,,False,actual,2023Q3; 2023Q4; 2024Q1; 2024Q2,,2023Q3; 2023Q4; 2024Q1; 2024Q2,False,False,True
gross_fed_revenue,Gross FED revenue,Actual,Actual,source_actual,actual_benchmark,actual,,FY2025,2025,2067.62792391,$m nominal ex GST,historical_actual,mbu26_complete_actual_line,mbu26_annual_spine.csv,AA48,ACTUAL,gross_ped_revenue + gross_lpg_revenue + gross_cng_revenue,,False,actual,2024Q3; 2024Q4; 2025Q1; 2025Q2,,2024Q3; 2024Q4; 2025Q1; 2025Q2,True,False,True
gross_fed_revenue,Gross FED revenue,Current finalist Base case,current finalist base,in_house_current_finalist,current_finalist_forecast,current_basecase,Current planned path,FY2025,2025,2067.62792391,$m nominal ex GST,future_forecast,actual_anchor,mbu26_annual_spine.csv,AA48,ACTUAL,gross_ped_revenue + gross_lpg_revenue + gross_cng_revenue,PED__VNEXT_SOLVED_CONVEX_TOP2,False,Actual anchor,2024Q3; 2024Q4; 2025Q1; 2025Q2,,2024Q3; 2024Q4; 2025Q1; 2025Q2,True,False,True
gross_fed_revenue,Gross FED revenue,Current finalist High population/comparison,current finalist comparison,in_house_current_finalist,current_finalist_forecast,current_comparison_1,Current planned path,FY2025,2025,2067.62792391,$m nominal ex GST,future_forecast,actual_anchor,mbu26_annual_spine.csv,AA48,ACTUAL,gross_ped_revenue + gross_lpg_revenue + gross_cng_revenue,PED__VNEXT_SOLVED_CONVEX_TOP2,False,Actual anchor,2024Q3; 2024Q4; 2025Q1; 2025Q2,,2024Q3; 2024Q4; 2025Q1; 2025Q2,True,False,True
gross_fed_revenue,Gross FED revenue,Current finalist Base case,current finalist base,in_house_current_finalist,current_finalist_forecast,current_basecase,Current planned path,FY2026,2026,2092.481910216096,$m nominal ex GST,future_forecast,current_nowcast,current_hybrid_formula,current_revenue_outlook:current_basecase:FY2026,source_backed,gross_ped_revenue + MBU26 gross_lpg_revenue + MBU26 gross_cng_revenue,PED__VNEXT_SOLVED_CONVEX_TOP2,False,Current-finalist FY nowcast (2 actual + 2 forecast),2025Q3; 2025Q4,2026Q1; 2026Q2,2025Q3; 2025Q4; 2026Q1; 2026Q2,False,True,True
gross_fed_revenue,Gross FED revenue,Current finalist High population/comparison,current finalist comparison,in_house_current_finalist,current_finalist_forecast,current_comparison_1,Current planned path,FY2026,2026,2099.1909824253444,$m nominal ex GST,future_forecast,current_nowcast,current_hybrid_formula,current_revenue_outlook:current_comparison_1:FY2026,source_backed,gross_ped_revenue + MBU26 gross_lpg_revenue + MBU26 gross_cng_revenue,PED__VNEXT_SOLVED_CONVEX_TOP2,False,Current-finalist FY nowcast (2 actual + 2 forecast),2025Q3; 2025Q4,2026Q1; 2026Q2,2025Q3; 2025Q4; 2026Q1; 2026Q2,False,True,True
gross_fed_revenue,Gross FED revenue,MBU26 official,MBU26 official,official_external_comparator,mbu26_official,mbu26_official,MBU26,FY2026,2026,2104.82984947749,$m nominal ex GST,official_comparator,mbu26_official_forecast,mbu26_annual_spine.csv,AB48,ST_FORECAST,gross_ped_revenue + gross_lpg_revenue + gross_cng_revenue,,False,official_forecast,,,,False,False,True
gross_fed_revenue,Gross FED revenue,Current finalist Base case,current finalist base,in_house_current_finalist,current_finalist_forecast,current_basecase,Current planned path,FY2027,2027,2198.045991750846,$m nominal ex GST,future_forecast,current_forecast,current_hybrid_formula,current_revenue_outlook:current_basecase:FY2027,source_backed,gross_ped_revenue + MBU26 gross_lpg_revenue + MBU26 gross_cng_revenue,PED__VNEXT_SOLVED_CONVEX_TOP2,False,current_finalist_forecast,,2026Q3; 2026Q4; 2027Q1; 2027Q2,2026Q3; 2026Q4; 2027Q1; 2027Q2,False,False,True
gross_fed_revenue,Gross FED revenue,Current finalist High population/comparison,current finalist comparison,in_house_current_finalist,current_finalist_forecast,current_comparison_1,Current planned path,FY2027,2027,2206.3730208701177,$m nominal ex GST,future_forecast,current_forecast,current_hybrid_formula,current_revenue_outlook:current_comparison_1:FY2027,source_backed,gross_ped_revenue + MBU26 gross_lpg_revenue + MBU26 gross_cng_revenue,PED__VNEXT_SOLVED_CONVEX_TOP2,False,current_finalist_forecast,,2026Q3; 2026Q4; 2027Q1; 2027Q2,2026Q3; 2026Q4; 2027Q1; 2027Q2,False,False,True
gross_fed_revenue,Gross FED revenue,MBU26 official,MBU26 official,official_external_comparator,mbu26_official,mbu26_official,MBU26,FY2027,2027,2243.51058535005,$m nominal ex GST,official_comparator,mbu26_official_forecast,mbu26_annual_spine.csv,AC48,ST_FORECAST,gross_ped_revenue + gross_lpg_revenue + gross_cng_revenue,,False,official_forecast,,,,False,False,True
gross_ped_revenue,PED revenue,Actual,Actual,source_actual,actual_benchmark,actual,,FY2024,2024,2033.76913415,$m nominal ex GST,historical_actual,mbu26_complete_actual_line,mbu26_annual_spine.csv,Z45,ACTUAL,,,False,actual,2023Q3; 2023Q4; 2024Q1; 2024Q2,,2023Q3; 2023Q4; 2024Q1; 2024Q2,False,False,True
gross_ped_revenue,PED revenue,Actual,Actual,source_actual,actual_benchmark,actual,,FY2025,2025,2026.68630478,$m nominal ex GST,historical_actual,mbu26_complete_actual_line,mbu26_annual_spine.csv,AA45,ACTUAL,,,False,actual,2024Q3; 2024Q4; 2025Q1; 2025Q2,,2024Q3; 2024Q4; 2025Q1; 2025Q2,True,False,True
gross_ped_revenue,PED revenue,Current finalist Base case,current finalist base,in_house_current_finalist,current_finalist_forecast,current_basecase,Current planned path,FY2025,2025,2026.68630478,$m nominal ex GST,future_forecast,actual_anchor,mbu26_annual_spine.csv,AA45,ACTUAL,,PED__VNEXT_SOLVED_CONVEX_TOP2,True,Actual anchor,2024Q3; 2024Q4; 2025Q1; 2025Q2,,2024Q3; 2024Q4; 2025Q1; 2025Q2,True,False,True
gross_ped_revenue,PED revenue,Current finalist High population/comparison,current finalist comparison,in_house_current_finalist,current_finalist_forecast,current_comparison_1,Current planned path,FY2025,2025,2026.68630478,$m nominal ex GST,future_forecast,actual_anchor,mbu26_annual_spine.csv,AA45,ACTUAL,,PED__VNEXT_SOLVED_CONVEX_TOP2,True,Actual anchor,2024Q3; 2024Q4; 2025Q1; 2025Q2,,2024Q3; 2024Q4; 2025Q1; 2025Q2,True,False,True
gross_ped_revenue,PED revenue,Current finalist Base case,current finalist base,in_house_current_finalist,current_finalist_forecast,current_basecase,Current planned path,FY2026,2026,2050.4367475759054,$m nominal ex GST,future_forecast,current_nowcast,forecast_scenario_comparison.parquet; mbu26_official_annual.csv,data/current_revenue_outlook/revenue_chart_rows.csv:historical_actual:2025Q3; data/current_revenue_outlook/revenue_chart_rows.csv:historical_actual:2025Q4; data/current_revenue_outlook/revenue_chart_rows.csv:current_basecase:2026Q1; data/current_revenue_outlook/revenue_chart_rows.csv:current_basecase:2026Q2; data/current_revenue_outlook/revenue_chart_rows.csv:historical_actual:2025Q3; data/current_revenue_outlook/revenue_chart_rows.csv:historical_actual:2025Q4; data/current_revenue_outlook/revenue_chart_rows.csv:current_basecase:2026Q1; data/current_revenue_outlook/revenue_chart_rows.csv:current_basecase:2026Q2; MBU26 migration cells AB10; AB12; AB14,source_backed,adjusted PED/light-petrol VKT after optimized EV/PHEV migration * MBU26 litres intensity / 100 * MBU26 PED rate,PED__VNEXT_SOLVED_CONVEX_TOP2,True,Current-finalist FY nowcast (2 actual + 2 forecast),2025Q3; 2025Q4,2026Q1; 2026Q2,2025Q3; 2025Q4; 2026Q1; 2026Q2,False,True,True
gross_ped_revenue,PED revenue,Current finalist High population/comparison,current finalist comparison,in_house_current_finalist,current_finalist_forecast,current_comparison_1,Current planned path,FY2026,2026,2057.145819785154,$m nominal ex GST,future_forecast,current_nowcast,forecast_scenario_comparison.parquet; mbu26_official_annual.csv,data/current_revenue_outlook/revenue_chart_rows.csv:historical_actual:2025Q3; data/current_revenue_outlook/revenue_chart_rows.csv:historical_actual:2025Q4; data/current_revenue_outlook/revenue_chart_rows.csv:current_comparison_1:2026Q1; data/current_revenue_outlook/revenue_chart_rows.csv:current_comparison_1:2026Q2; data/current_revenue_outlook/revenue_chart_rows.csv:historical_actual:2025Q3; data/current_revenue_outlook/revenue_chart_rows.csv:historical_actual:2025Q4; data/current_revenue_outlook/revenue_chart_rows.csv:current_comparison_1:2026Q1; data/current_revenue_outlook/revenue_chart_rows.csv:current_comparison_1:2026Q2; MBU26 migration cells AB10; AB12; AB14,source_backed,adjusted PED/light-petrol VKT after optimized EV/PHEV migration * MBU26 litres intensity / 100 * MBU26 PED rate,PED__VNEXT_SOLVED_CONVEX_TOP2,True,Current-finalist FY nowcast (2 actual + 2 forecast),2025Q3; 2025Q4,2026Q1; 2026Q2,2025Q3; 2025Q4; 2026Q1; 2026Q2,False,True,True
gross_ped_revenue,PED revenue,MBU26 official,MBU26 official,official_external_comparator,mbu26_official,mbu26_official,MBU26,FY2026,2026,2062.7846868373,$m nominal ex GST,official_comparator,mbu26_official_forecast,mbu26_annual_spine.csv,AB45,ST_FORECAST,,,False,official_forecast,,,,False,False,True
gross_ped_revenue,PED revenue,Current finalist Base case,current finalist base,in_house_current_finalist,current_finalist_forecast,current_basecase,Current planned path,FY2027,2027,2155.413301930505,$m nominal ex GST,future_forecast,current_forecast,forecast_scenario_comparison.parquet; mbu26_official_annual.csv,data/current_revenue_outlook/revenue_chart_rows.csv:current_basecase:2026Q3; data/current_revenue_outlook/revenue_chart_rows.csv:current_basecase:2026Q4; data/current_revenue_outlook/revenue_chart_rows.csv:current_basecase:2027Q1; data/current_revenue_outlook/revenue_chart_rows.csv:current_basecase:2027Q2; data/current_revenue_outlook/revenue_chart_rows.csv:current_basecase:2026Q3; data/current_revenue_outlook/revenue_chart_rows.csv:current_basecase:2026Q4; data/current_revenue_outlook/revenue_chart_rows.csv:current_basecase:2027Q1; data/current_revenue_outlook/revenue_chart_rows.csv:current_basecase:2027Q2; MBU26 migration cells AC10; AC12; AC14,source_backed,adjusted PED/light-petrol VKT after optimized EV/PHEV migration * MBU26 litres intensity / 100 * MBU26 PED rate,PED__VNEXT_SOLVED_CONVEX_TOP2,True,current_finalist_forecast,,2026Q3; 2026Q4; 2027Q1; 2027Q2,2026Q3; 2026Q4; 2027Q1; 2027Q2,False,False,True
gross_ped_revenue,PED revenue,Current finalist High population/comparison,current finalist comparison,in_house_current_finalist,current_finalist_forecast,current_comparison_1,Current planned path,FY2027,2027,2163.7403310497766,$m nominal ex GST,future_forecast,current_forecast,forecast_scenario_comparison.parquet; mbu26_official_annual.csv,data/current_revenue_outlook/revenue_chart_rows.csv:current_comparison_1:2026Q3; data/current_revenue_outlook/revenue_chart_rows.csv:current_comparison_1:2026Q4; data/current_revenue_outlook/revenue_chart_rows.csv:current_comparison_1:2027Q1; data/current_revenue_outlook/revenue_chart_rows.csv:current_comparison_1:2027Q2; data/current_revenue_outlook/revenue_chart_rows.csv:current_comparison_1:2026Q3; data/current_revenue_outlook/revenue_chart_rows.csv:current_comparison_1:2026Q4; data/current_revenue_outlook/revenue_chart_rows.csv:current_comparison_1:2027Q1; data/current_revenue_outlook/revenue_chart_rows.csv:current_comparison_1:2027Q2; MBU26 migration cells AC10; AC12; AC14,source_backed,adjusted PED/light-petrol VKT after optimized EV/PHEV migration * MBU26 litres intensity / 100 * MBU26 PED rate,PED__VNEXT_SOLVED_CONVEX_TOP2,True,current_finalist_forecast,,2026Q3; 2026Q4; 2027Q1; 2027Q2,2026Q3; 2026Q4; 2027Q1; 2027Q2,False,False,True
gross_ped_revenue,PED revenue,MBU26 official,MBU26 official,official_external_comparator,mbu26_official,mbu26_official,MBU26,FY2027,2027,2200.87789552971,$m nominal ex GST,official_comparator,mbu26_official_forecast,mbu26_annual_spine.csv,AC45,ST_FORECAST,,,False,official_forecast,,,,False,False,True
heavy_ruc_net_km,Heavy RUC net km,Actual,Actual,source_actual,actual_benchmark,actual,,FY2024,2024,3903.861766,million km,historical_actual,mbu26_complete_actual_line,mbu26_annual_spine.csv,Z11,ACTUAL,,,False,actual,2023Q3; 2023Q4; 2024Q1; 2024Q2,,2023Q3; 2023Q4; 2024Q1; 2024Q2,False,False,True
heavy_ruc_net_km,Heavy RUC net km,Actual,Actual,source_actual,actual_benchmark,actual,,FY2025,2025,3981.873439,million km,historical_actual,mbu26_complete_actual_line,mbu26_annual_spine.csv,AA11,ACTUAL,,,False,actual,2024Q3; 2024Q4; 2025Q1; 2025Q2,,2024Q3; 2024Q4; 2025Q1; 2025Q2,True,False,True
heavy_ruc_net_km,Heavy RUC net km,Current finalist Base case,current finalist base,in_house_current_finalist,current_finalist_forecast,current_basecase,Current planned path,FY2025,2025,3981.873439,million km,future_forecast,actual_anchor,mbu26_annual_spine.csv,AA11,ACTUAL,,HEAVY_RUC__VNEXT_SOLVED_CONVEX_TOP4,False,Actual anchor,2024Q3; 2024Q4; 2025Q1; 2025Q2,,2024Q3; 2024Q4; 2025Q1; 2025Q2,True,False,True
heavy_ruc_net_km,Heavy RUC net km,Current finalist High population/comparison,current finalist comparison,in_house_current_finalist,current_finalist_forecast,current_comparison_1,Current planned path,FY2025,2025,3981.873439,million km,future_forecast,actual_anchor,mbu26_annual_spine.csv,AA11,ACTUAL,,HEAVY_RUC__VNEXT_SOLVED_CONVEX_TOP4,False,Actual anchor,2024Q3; 2024Q4; 2025Q1; 2025Q2,,2024Q3; 2024Q4; 2025Q1; 2025Q2,True,False,True
heavy_ruc_net_km,Heavy RUC net km,Current finalist Base case,current finalist base,in_house_current_finalist,current_finalist_forecast,current_basecase,Current planned path,FY2026,2026,4045.112836987535,million km,future_forecast,current_nowcast,forecast_scenario_comparison.parquet,data/current_revenue_outlook/revenue_chart_rows.csv:historical_actual:2025Q3; data/current_revenue_outlook/revenue_chart_rows.csv:historical_actual:2025Q4; data/current_revenue_outlook/revenue_chart_rows.csv:current_basecase:2026Q1; data/current_revenue_outlook/revenue_chart_rows.csv:current_basecase:2026Q2,source_backed,sum quarterly current finalist Heavy RUC net km,HEAVY_RUC__VNEXT_SOLVED_CONVEX_TOP4,False,Current-finalist FY nowcast (2 actual + 2 forecast),2025Q3; 2025Q4,2026Q1; 2026Q2,2025Q3; 2025Q4; 2026Q1; 2026Q2,False,True,True
heavy_ruc_net_km,Heavy RUC net km,Current finalist High population/comparison,current finalist comparison,in_house_current_finalist,current_finalist_forecast,current_comparison_1,Current planned path,FY2026,2026,4046.923612104339,million km,future_forecast,current_nowcast,forecast_scenario_comparison.parquet,data/current_revenue_outlook/revenue_chart_rows.csv:historical_actual:2025Q3; data/current_revenue_outlook/revenue_chart_rows.csv:historical_actual:2025Q4; data/current_revenue_outlook/revenue_chart_rows.csv:current_comparison_1:2026Q1; data/current_revenue_outlook/revenue_chart_rows.csv:current_comparison_1:2026Q2,source_backed,sum quarterly current finalist Heavy RUC net km,HEAVY_RUC__VNEXT_SOLVED_CONVEX_TOP4,False,Current-finalist FY nowcast (2 actual + 2 forecast),2025Q3; 2025Q4,2026Q1; 2026Q2,2025Q3; 2025Q4; 2026Q1; 2026Q2,False,True,True
heavy_ruc_net_km,Heavy RUC net km,MBU26 official,MBU26 official,official_external_comparator,mbu26_official,mbu26_official,MBU26,FY2026,2026,4106.65708028096,million km,official_comparator,mbu26_official_forecast,mbu26_annual_spine.csv,AB11,ST_FORECAST,,,False,official_forecast,,,,False,False,True
heavy_ruc_net_km,Heavy RUC net km,Current finalist Base case,current finalist base,in_house_current_finalist,current_finalist_forecast,current_basecase,Current planned path,FY2027,2027,4100.270092100126,million km,future_forecast,current_forecast,forecast_scenario_comparison.parquet,data/current_revenue_outlook/revenue_chart_rows.csv:current_basecase:2026Q3; data/current_revenue_outlook/revenue_chart_rows.csv:current_basecase:2026Q4; data/current_revenue_outlook/revenue_chart_rows.csv:current_basecase:2027Q1; data/current_revenue_outlook/revenue_chart_rows.csv:current_basecase:2027Q2,source_backed,sum quarterly current finalist Heavy RUC net km,HEAVY_RUC__VNEXT_SOLVED_CONVEX_TOP4,False,current_finalist_forecast,,2026Q3; 2026Q4; 2027Q1; 2027Q2,2026Q3; 2026Q4; 2027Q1; 2027Q2,False,False,True
heavy_ruc_net_km,Heavy RUC net km,Current finalist High population/comparison,current finalist comparison,in_house_current_finalist,current_finalist_forecast,current_comparison_1,Current planned path,FY2027,2027,4108.254858445727,million km,future_forecast,current_forecast,forecast_scenario_comparison.parquet,data/current_revenue_outlook/revenue_chart_rows.csv:current_comparison_1:2026Q3; data/current_revenue_outlook/revenue_chart_rows.csv:current_comparison_1:2026Q4; data/current_revenue_outlook/revenue_chart_rows.csv:current_comparison_1:2027Q1; data/current_revenue_outlook/revenue_chart_rows.csv:current_comparison_1:2027Q2,source_backed,sum quarterly current finalist Heavy RUC net km,HEAVY_RUC__VNEXT_SOLVED_CONVEX_TOP4,False,current_finalist_forecast,,2026Q3; 2026Q4; 2027Q1; 2027Q2,2026Q3; 2026Q4; 2027Q1; 2027Q2,False,False,True
heavy_ruc_net_km,Heavy RUC net km,MBU26 official,MBU26 official,official_external_comparator,mbu26_official,mbu26_official,MBU26,FY2027,2027,4256.14265648045,million km,official_comparator,mbu26_official_forecast,mbu26_annual_spine.csv,AC11,ST_FORECAST,,,False,official_forecast,,,,False,False,True
heavy_ruc_net_revenue,Heavy RUC revenue,Actual,Actual,source_actual,actual_benchmark,actual,,FY2024,2024,1078.53586094783,$m nominal ex GST,historical_actual,mbu26_complete_actual_line,mbu26_annual_spine.csv,Z34,ACTUAL,,,False,actual,2023Q3; 2023Q4; 2024Q1; 2024Q2,,2023Q3; 2023Q4; 2024Q1; 2024Q2,False,False,True
heavy_ruc_net_revenue,Heavy RUC revenue,Actual,Actual,source_actual,actual_benchmark,actual,,FY2025,2025,1109.95026251304,$m nominal ex GST,historical_actual,mbu26_complete_actual_line,mbu26_annual_spine.csv,AA34,ACTUAL,,,False,actual,2024Q3; 2024Q4; 2025Q1; 2025Q2,,2024Q3; 2024Q4; 2025Q1; 2025Q2,True,False,True
heavy_ruc_net_revenue,Heavy RUC revenue,Current finalist Base case,current finalist base,in_house_current_finalist,current_finalist_forecast,current_basecase,Current planned path,FY2025,2025,1109.95026251304,$m nominal ex GST,future_forecast,actual_anchor,mbu26_annual_spine.csv,AA34,ACTUAL,,HEAVY_RUC__VNEXT_SOLVED_CONVEX_TOP4,True,Actual anchor,2024Q3; 2024Q4; 2025Q1; 2025Q2,,2024Q3; 2024Q4; 2025Q1; 2025Q2,True,False,True
heavy_ruc_net_revenue,Heavy RUC revenue,Current finalist High population/comparison,current finalist comparison,in_house_current_finalist,current_finalist_forecast,current_comparison_1,Current planned path,FY2025,2025,1109.95026251304,$m nominal ex GST,future_forecast,actual_anchor,mbu26_annual_spine.csv,AA34,ACTUAL,,HEAVY_RUC__VNEXT_SOLVED_CONVEX_TOP4,True,Actual anchor,2024Q3; 2024Q4; 2025Q1; 2025Q2,,2024Q3; 2024Q4; 2025Q1; 2025Q2,True,False,True
heavy_ruc_net_revenue,Heavy RUC revenue,Current finalist Base case,current finalist base,in_house_current_finalist,current_finalist_forecast,current_basecase,Current planned path,FY2026,2026,1129.3227625959253,$m nominal ex GST,future_forecast,current_nowcast,forecast_scenario_comparison.parquet; mbu26_official_annual.csv,data/current_revenue_outlook/revenue_chart_rows.csv:historical_actual:2025Q3; data/current_revenue_outlook/revenue_chart_rows.csv:historical_actual:2025Q4; data/current_revenue_outlook/revenue_chart_rows.csv:current_basecase:2026Q1; data/current_revenue_outlook/revenue_chart_rows.csv:current_basecase:2026Q2,source_backed,sum quarterly current Heavy RUC net km * MBU26 effective rate,HEAVY_RUC__VNEXT_SOLVED_CONVEX_TOP4,True,Current-finalist FY nowcast (2 actual + 2 forecast),2025Q3; 2025Q4,2026Q1; 2026Q2,2025Q3; 2025Q4; 2026Q1; 2026Q2,False,True,True
heavy_ruc_net_revenue,Heavy RUC revenue,Current finalist High population/comparison,current finalist comparison,in_house_current_finalist,current_finalist_forecast,current_comparison_1,Current planned path,FY2026,2026,1129.8282984461619,$m nominal ex GST,future_forecast,current_nowcast,forecast_scenario_comparison.parquet; mbu26_official_annual.csv,data/current_revenue_outlook/revenue_chart_rows.csv:historical_actual:2025Q3; data/current_revenue_outlook/revenue_chart_rows.csv:historical_actual:2025Q4; data/current_revenue_outlook/revenue_chart_rows.csv:current_comparison_1:2026Q1; data/current_revenue_outlook/revenue_chart_rows.csv:current_comparison_1:2026Q2,source_backed,sum quarterly current Heavy RUC net km * MBU26 effective rate,HEAVY_RUC__VNEXT_SOLVED_CONVEX_TOP4,True,Current-finalist FY nowcast (2 actual + 2 forecast),2025Q3; 2025Q4,2026Q1; 2026Q2,2025Q3; 2025Q4; 2026Q1; 2026Q2,False,True,True
heavy_ruc_net_revenue,Heavy RUC revenue,MBU26 official,MBU26 official,official_external_comparator,mbu26_official,mbu26_official,MBU26,FY2026,2026,1146.5048086003,$m nominal ex GST,official_comparator,mbu26_official_forecast,mbu26_annual_spine.csv,AB34,ST_FORECAST,,,False,official_forecast,,,,False,False,True
heavy_ruc_net_revenue,Heavy RUC revenue,Current finalist Base case,current finalist base,in_house_current_finalist,current_finalist_forecast,current_basecase,Current planned path,FY2027,2027,1231.4061163927752,$m nominal ex GST,future_forecast,current_forecast,forecast_scenario_comparison.parquet; mbu26_official_annual.csv,data/current_revenue_outlook/revenue_chart_rows.csv:current_basecase:2026Q3; data/current_revenue_outlook/revenue_chart_rows.csv:current_basecase:2026Q4; data/current_revenue_outlook/revenue_chart_rows.csv:current_basecase:2027Q1; data/current_revenue_outlook/revenue_chart_rows.csv:current_basecase:2027Q2,source_backed,sum quarterly current Heavy RUC net km * MBU26 effective rate,HEAVY_RUC__VNEXT_SOLVED_CONVEX_TOP4,True,current_finalist_forecast,,2026Q3; 2026Q4; 2027Q1; 2027Q2,2026Q3; 2026Q4; 2027Q1; 2027Q2,False,False,True
heavy_ruc_net_revenue,Heavy RUC revenue,Current finalist High population/comparison,current finalist comparison,in_house_current_finalist,current_finalist_forecast,current_comparison_1,Current planned path,FY2027,2027,1233.804126742114,$m nominal ex GST,future_forecast,current_forecast,forecast_scenario_comparison.parquet; mbu26_official_annual.csv,data/current_revenue_outlook/revenue_chart_rows.csv:current_comparison_1:2026Q3; data/current_revenue_outlook/revenue_chart_rows.csv:current_comparison_1:2026Q4; data/current_revenue_outlook/revenue_chart_rows.csv:current_comparison_1:2027Q1; data/current_revenue_outlook/revenue_chart_rows.csv:current_comparison_1:2027Q2,source_backed,sum quarterly current Heavy RUC net km * MBU26 effective rate,HEAVY_RUC__VNEXT_SOLVED_CONVEX_TOP4,True,current_finalist_forecast,,2026Q3; 2026Q4; 2027Q1; 2027Q2,2026Q3; 2026Q4; 2027Q1; 2027Q2,False,False,True
heavy_ruc_net_revenue,Heavy RUC revenue,MBU26 official,MBU26 official,official_external_comparator,mbu26_official,mbu26_official,MBU26,FY2027,2027,1278.2182592137,$m nominal ex GST,official_comparator,mbu26_official_forecast,mbu26_annual_spine.csv,AC34,ST_FORECAST,,,False,official_forecast,,,,False,False,True
light_bev_ruc_net_km,Light BEV RUC net km,Actual,Actual,source_actual,actual_benchmark,actual,,FY2024,2024,413.518791,million km,historical_actual,mbu26_complete_actual_line,mbu26_annual_spine.csv,Z12,ACTUAL,,,False,actual,2023Q3; 2023Q4; 2024Q1; 2024Q2,,2023Q3; 2023Q4; 2024Q1; 2024Q2,False,False,True
light_bev_ruc_net_km,Light BEV RUC net km,Actual,Actual,source_actual,actual_benchmark,actual,,FY2025,2025,820.641429,million km,historical_actual,mbu26_complete_actual_line,mbu26_annual_spine.csv,AA12,ACTUAL,,,False,actual,2024Q3; 2024Q4; 2025Q1; 2025Q2,,2024Q3; 2024Q4; 2025Q1; 2025Q2,True,False,True
light_bev_ruc_net_km,Light BEV RUC net km,Current finalist Base case,current finalist base,in_house_current_finalist,current_finalist_forecast,current_basecase,Current planned path,FY2025,2025,820.641429,million km,future_forecast,actual_anchor,mbu26_annual_spine.csv,AA12,ACTUAL,,PED__VNEXT_SOLVED_CONVEX_TOP2; dynamic_RESID_GBR_n150_d1_lr0.05_w36; HEAVY_RUC__VNEXT_SOLVED_CONVEX_TOP4,False,Actual anchor,2024Q3; 2024Q4; 2025Q1; 2025Q2,,2024Q3; 2024Q4; 2025Q1; 2025Q2,True,False,True
light_bev_ruc_net_km,Light BEV RUC net km,Current finalist High population/comparison,current finalist comparison,in_house_current_finalist,current_finalist_forecast,current_comparison_1,Current planned path,FY2025,2025,820.641429,million km,future_forecast,actual_anchor,mbu26_annual_spine.csv,AA12,ACTUAL,,PED__VNEXT_SOLVED_CONVEX_TOP2; dynamic_RESID_GBR_n150_d1_lr0.05_w36; HEAVY_RUC__VNEXT_SOLVED_CONVEX_TOP4,False,Actual anchor,2024Q3; 2024Q4; 2025Q1; 2025Q2,,2024Q3; 2024Q4; 2025Q1; 2025Q2,True,False,True
light_bev_ruc_net_km,Light BEV RUC net km,Current finalist Base case,current finalist base,in_house_current_finalist,current_finalist_forecast,current_basecase,Current planned path,FY2026,2026,1195.6031498792138,million km,future_forecast,current_nowcast,forecast_scenario_comparison.parquet; mbu26_official_annual.csv,data/current_revenue_outlook/revenue_chart_rows.csv:historical_actual:2025Q3; data/current_revenue_outlook/revenue_chart_rows.csv:historical_actual:2025Q4; data/current_revenue_outlook/revenue_chart_rows.csv:current_basecase:2026Q1; data/current_revenue_outlook/revenue_chart_rows.csv:current_basecase:2026Q2; data/current_revenue_outlook/revenue_chart_rows.csv:historical_actual:2025Q3; data/current_revenue_outlook/revenue_chart_rows.csv:historical_actual:2025Q4; data/current_revenue_outlook/revenue_chart_rows.csv:current_basecase:2026Q1; data/current_revenue_outlook/revenue_chart_rows.csv:current_basecase:2026Q2; MBU26 migration cells AB10; AB12; AB14,source_backed,optimized EV/PHEV migration total * MBU26 Light BEV share within EV/PHEV,PED__VNEXT_SOLVED_CONVEX_TOP2; dynamic_RESID_GBR_n150_d1_lr0.05_w36; HEAVY_RUC__VNEXT_SOLVED_CONVEX_TOP4,False,Current-finalist FY nowcast (2 actual + 2 forecast),2025Q3; 2025Q4,2026Q1; 2026Q2,2025Q3; 2025Q4; 2026Q1; 2026Q2,False,True,True
light_bev_ruc_net_km,Light BEV RUC net km,Current finalist High population/comparison,current finalist comparison,in_house_current_finalist,current_finalist_forecast,current_comparison_1,Current planned path,FY2026,2026,1195.898913644734,million km,future_forecast,current_nowcast,forecast_scenario_comparison.parquet; mbu26_official_annual.csv,data/current_revenue_outlook/revenue_chart_rows.csv:historical_actual:2025Q3; data/current_revenue_outlook/revenue_chart_rows.csv:historical_actual:2025Q4; data/current_revenue_outlook/revenue_chart_rows.csv:current_comparison_1:2026Q1; data/current_revenue_outlook/revenue_chart_rows.csv:current_comparison_1:2026Q2; data/current_revenue_outlook/revenue_chart_rows.csv:historical_actual:2025Q3; data/current_revenue_outlook/revenue_chart_rows.csv:historical_actual:2025Q4; data/current_revenue_outlook/revenue_chart_rows.csv:current_comparison_1:2026Q1; data/current_revenue_outlook/revenue_chart_rows.csv:current_comparison_1:2026Q2; MBU26 migration cells AB10; AB12; AB14,source_backed,optimized EV/PHEV migration total * MBU26 Light BEV share within EV/PHEV,PED__VNEXT_SOLVED_CONVEX_TOP2; dynamic_RESID_GBR_n150_d1_lr0.05_w36; HEAVY_RUC__VNEXT_SOLVED_CONVEX_TOP4,False,Current-finalist FY nowcast (2 actual + 2 forecast),2025Q3; 2025Q4,2026Q1; 2026Q2,2025Q3; 2025Q4; 2026Q1; 2026Q2,False,True,True
light_bev_ruc_net_km,Light BEV RUC net km,MBU26 official,MBU26 official,official_external_comparator,mbu26_official,mbu26_official,MBU26,FY2026,2026,1209.37911079624,million km,official_comparator,mbu26_official_forecast,mbu26_annual_spine.csv,AB12,ST_FORECAST,,,False,official_forecast,,,,False,False,True
light_bev_ruc_net_km,Light BEV RUC net km,Current finalist Base case,current finalist base,in_house_current_finalist,current_finalist_forecast,current_basecase,Current planned path,FY2027,2027,1521.1121517715212,million km,future_forecast,current_forecast,forecast_scenario_comparison.parquet; mbu26_official_annual.csv,data/current_revenue_outlook/revenue_chart_rows.csv:current_basecase:2026Q3; data/current_revenue_outlook/revenue_chart_rows.csv:current_basecase:2026Q4; data/current_revenue_outlook/revenue_chart_rows.csv:current_basecase:2027Q1; data/current_revenue_outlook/revenue_chart_rows.csv:current_basecase:2027Q2; data/current_revenue_outlook/revenue_chart_rows.csv:current_basecase:2026Q3; data/current_revenue_outlook/revenue_chart_rows.csv:current_basecase:2026Q4; data/current_revenue_outlook/revenue_chart_rows.csv:current_basecase:2027Q1; data/current_revenue_outlook/revenue_chart_rows.csv:current_basecase:2027Q2; MBU26 migration cells AC10; AC12; AC14,source_backed,optimized EV/PHEV migration total * MBU26 Light BEV share within EV/PHEV,PED__VNEXT_SOLVED_CONVEX_TOP2; dynamic_RESID_GBR_n150_d1_lr0.05_w36; HEAVY_RUC__VNEXT_SOLVED_CONVEX_TOP4,False,current_finalist_forecast,,2026Q3; 2026Q4; 2027Q1; 2027Q2,2026Q3; 2026Q4; 2027Q1; 2027Q2,False,False,True
light_bev_ruc_net_km,Light BEV RUC net km,Current finalist High population/comparison,current finalist comparison,in_house_current_finalist,current_finalist_forecast,current_comparison_1,Current planned path,FY2027,2027,1523.243346270578,million km,future_forecast,current_forecast,forecast_scenario_comparison.parquet; mbu26_official_annual.csv,data/current_revenue_outlook/revenue_chart_rows.csv:current_comparison_1:2026Q3; data/current_revenue_outlook/revenue_chart_rows.csv:current_comparison_1:2026Q4; data/current_revenue_outlook/revenue_chart_rows.csv:current_comparison_1:2027Q1; data/current_revenue_outlook/revenue_chart_rows.csv:current_comparison_1:2027Q2; data/current_revenue_outlook/revenue_chart_rows.csv:current_comparison_1:2026Q3; data/current_revenue_outlook/revenue_chart_rows.csv:current_comparison_1:2026Q4; data/current_revenue_outlook/revenue_chart_rows.csv:current_comparison_1:2027Q1; data/current_revenue_outlook/revenue_chart_rows.csv:current_comparison_1:2027Q2; MBU26 migration cells AC10; AC12; AC14,source_backed,optimized EV/PHEV migration total * MBU26 Light BEV share within EV/PHEV,PED__VNEXT_SOLVED_CONVEX_TOP2; dynamic_RESID_GBR_n150_d1_lr0.05_w36; HEAVY_RUC__VNEXT_SOLVED_CONVEX_TOP4,False,current_finalist_forecast,,2026Q3; 2026Q4; 2027Q1; 2027Q2,2026Q3; 2026Q4; 2027Q1; 2027Q2,False,False,True
light_bev_ruc_net_km,Light BEV RUC net km,MBU26 official,MBU26 official,official_external_comparator,mbu26_official,mbu26_official,MBU26,FY2027,2027,1572.19480045545,million km,official_comparator,mbu26_official_forecast,mbu26_annual_spine.csv,AC12,ST_FORECAST,,,False,official_forecast,,,,False,False,True
light_bev_ruc_net_revenue,Light BEV RUC net revenue,Actual,Actual,source_actual,actual_benchmark,actual,,FY2024,2024,28.0351797217391,$m nominal ex GST,historical_actual,mbu26_complete_actual_line,mbu26_annual_spine.csv,Z35,ACTUAL,,,False,actual,2023Q3; 2023Q4; 2024Q1; 2024Q2,,2023Q3; 2023Q4; 2024Q1; 2024Q2,False,False,True
light_bev_ruc_net_revenue,Light BEV RUC net revenue,Actual,Actual,source_actual,actual_benchmark,actual,,FY2025,2025,55.4022559304348,$m nominal ex GST,historical_actual,mbu26_complete_actual_line,mbu26_annual_spine.csv,AA35,ACTUAL,,,False,actual,2024Q3; 2024Q4; 2025Q1; 2025Q2,,2024Q3; 2024Q4; 2025Q1; 2025Q2,True,False,True
light_bev_ruc_net_revenue,Light BEV RUC net revenue,Current finalist Base case,current finalist base,in_house_current_finalist,current_finalist_forecast,current_basecase,Current planned path,FY2025,2025,55.4022559304348,$m nominal ex GST,future_forecast,actual_anchor,mbu26_annual_spine.csv,AA35,ACTUAL,,PED__VNEXT_SOLVED_CONVEX_TOP2; dynamic_RESID_GBR_n150_d1_lr0.05_w36; HEAVY_RUC__VNEXT_SOLVED_CONVEX_TOP4,True,Actual anchor,2024Q3; 2024Q4; 2025Q1; 2025Q2,,2024Q3; 2024Q4; 2025Q1; 2025Q2,True,False,True
light_bev_ruc_net_revenue,Light BEV RUC net revenue,Current finalist High population/comparison,current finalist comparison,in_house_current_finalist,current_finalist_forecast,current_comparison_1,Current planned path,FY2025,2025,55.4022559304348,$m nominal ex GST,future_forecast,actual_anchor,mbu26_annual_spine.csv,AA35,ACTUAL,,PED__VNEXT_SOLVED_CONVEX_TOP2; dynamic_RESID_GBR_n150_d1_lr0.05_w36; HEAVY_RUC__VNEXT_SOLVED_CONVEX_TOP4,True,Actual anchor,2024Q3; 2024Q4; 2025Q1; 2025Q2,,2024Q3; 2024Q4; 2025Q1; 2025Q2,True,False,True
light_bev_ruc_net_revenue,Light BEV RUC net revenue,Current finalist Base case,current finalist base,in_house_current_finalist,current_finalist_forecast,current_basecase,Current planned path,FY2026,2026,80.53684693824914,$m nominal ex GST,future_forecast,current_nowcast,forecast_scenario_comparison.parquet; mbu26_official_annual.csv,data/current_revenue_outlook/revenue_chart_rows.csv:historical_actual:2025Q3; data/current_revenue_outlook/revenue_chart_rows.csv:historical_actual:2025Q4; data/current_revenue_outlook/revenue_chart_rows.csv:current_basecase:2026Q1; data/current_revenue_outlook/revenue_chart_rows.csv:current_basecase:2026Q2; data/current_revenue_outlook/revenue_chart_rows.csv:historical_actual:2025Q3; data/current_revenue_outlook/revenue_chart_rows.csv:historical_actual:2025Q4; data/current_revenue_outlook/revenue_chart_rows.csv:current_basecase:2026Q1; data/current_revenue_outlook/revenue_chart_rows.csv:current_basecase:2026Q2; MBU26 migration cells AB10; AB12; AB14,source_backed,optimized Light BEV RUC km * MBU26 Light BEV effective rate,PED__VNEXT_SOLVED_CONVEX_TOP2; dynamic_RESID_GBR_n150_d1_lr0.05_w36; HEAVY_RUC__VNEXT_SOLVED_CONVEX_TOP4,True,Current-finalist FY nowcast (2 actual + 2 forecast),2025Q3; 2025Q4,2026Q1; 2026Q2,2025Q3; 2025Q4; 2026Q1; 2026Q2,False,True,True
light_bev_ruc_net_revenue,Light BEV RUC net revenue,Current finalist High population/comparison,current finalist comparison,in_house_current_finalist,current_finalist_forecast,current_comparison_1,Current planned path,FY2026,2026,80.55676983751215,$m nominal ex GST,future_forecast,current_nowcast,forecast_scenario_comparison.parquet; mbu26_official_annual.csv,data/current_revenue_outlook/revenue_chart_rows.csv:historical_actual:2025Q3; data/current_revenue_outlook/revenue_chart_rows.csv:historical_actual:2025Q4; data/current_revenue_outlook/revenue_chart_rows.csv:current_comparison_1:2026Q1; data/current_revenue_outlook/revenue_chart_rows.csv:current_comparison_1:2026Q2; data/current_revenue_outlook/revenue_chart_rows.csv:historical_actual:2025Q3; data/current_revenue_outlook/revenue_chart_rows.csv:historical_actual:2025Q4; data/current_revenue_outlook/revenue_chart_rows.csv:current_comparison_1:2026Q1; data/current_revenue_outlook/revenue_chart_rows.csv:current_comparison_1:2026Q2; MBU26 migration cells AB10; AB12; AB14,source_backed,optimized Light BEV RUC km * MBU26 Light BEV effective rate,PED__VNEXT_SOLVED_CONVEX_TOP2; dynamic_RESID_GBR_n150_d1_lr0.05_w36; HEAVY_RUC__VNEXT_SOLVED_CONVEX_TOP4,True,Current-finalist FY nowcast (2 actual + 2 forecast),2025Q3; 2025Q4,2026Q1; 2026Q2,2025Q3; 2025Q4; 2026Q1; 2026Q2,False,True,True
light_bev_ruc_net_revenue,Light BEV RUC net revenue,MBU26 official,MBU26 official,official_external_comparator,mbu26_official,mbu26_official,MBU26,FY2026,2026,81.4648074039889,$m nominal ex GST,official_comparator,mbu26_official_forecast,mbu26_annual_spine.csv,AB35,ST_FORECAST,,,False,official_forecast,,,,False,False,True
light_bev_ruc_net_revenue,Light BEV RUC net revenue,Current finalist Base case,current finalist base,in_house_current_finalist,current_finalist_forecast,current_basecase,Current planned path,FY2027,2027,110.90950577972765,$m nominal ex GST,future_forecast,current_forecast,forecast_scenario_comparison.parquet; mbu26_official_annual.csv,data/current_revenue_outlook/revenue_chart_rows.csv:current_basecase:2026Q3; data/current_revenue_outlook/revenue_chart_rows.csv:current_basecase:2026Q4; data/current_revenue_outlook/revenue_chart_rows.csv:current_basecase:2027Q1; data/current_revenue_outlook/revenue_chart_rows.csv:current_basecase:2027Q2; data/current_revenue_outlook/revenue_chart_rows.csv:current_basecase:2026Q3; data/current_revenue_outlook/revenue_chart_rows.csv:current_basecase:2026Q4; data/current_revenue_outlook/revenue_chart_rows.csv:current_basecase:2027Q1; data/current_revenue_outlook/revenue_chart_rows.csv:current_basecase:2027Q2; MBU26 migration cells AC10; AC12; AC14,source_backed,optimized Light BEV RUC km * MBU26 Light BEV effective rate,PED__VNEXT_SOLVED_CONVEX_TOP2; dynamic_RESID_GBR_n150_d1_lr0.05_w36; HEAVY_RUC__VNEXT_SOLVED_CONVEX_TOP4,True,current_finalist_forecast,,2026Q3; 2026Q4; 2027Q1; 2027Q2,2026Q3; 2026Q4; 2027Q1; 2027Q2,False,False,True
light_bev_ruc_net_revenue,Light BEV RUC net revenue,Current finalist High population/comparison,current finalist comparison,in_house_current_finalist,current_finalist_forecast,current_comparison_1,Current planned path,FY2027,2027,111.06489848258364,$m nominal ex GST,future_forecast,current_forecast,forecast_scenario_comparison.parquet; mbu26_official_annual.csv,data/current_revenue_outlook/revenue_chart_rows.csv:current_comparison_1:2026Q3; data/current_revenue_outlook/revenue_chart_rows.csv:current_comparison_1:2026Q4; data/current_revenue_outlook/revenue_chart_rows.csv:current_comparison_1:2027Q1; data/current_revenue_outlook/revenue_chart_rows.csv:current_comparison_1:2027Q2; data/current_revenue_outlook/revenue_chart_rows.csv:current_comparison_1:2026Q3; data/current_revenue_outlook/revenue_chart_rows.csv:current_comparison_1:2026Q4; data/current_revenue_outlook/revenue_chart_rows.csv:current_comparison_1:2027Q1; data/current_revenue_outlook/revenue_chart_rows.csv:current_comparison_1:2027Q2; MBU26 migration cells AC10; AC12; AC14,source_backed,optimized Light BEV RUC km * MBU26 Light BEV effective rate,PED__VNEXT_SOLVED_CONVEX_TOP2; dynamic_RESID_GBR_n150_d1_lr0.05_w36; HEAVY_RUC__VNEXT_SOLVED_CONVEX_TOP4,True,current_finalist_forecast,,2026Q3; 2026Q4; 2027Q1; 2027Q2,2026Q3; 2026Q4; 2027Q1; 2027Q2,False,False,True
light_bev_ruc_net_revenue,Light BEV RUC net revenue,MBU26 official,MBU26 official,official_external_comparator,mbu26_official,mbu26_official,MBU26,FY2027,2027,114.634116955081,$m nominal ex GST,official_comparator,mbu26_official_forecast,mbu26_annual_spine.csv,AC35,ST_FORECAST,,,False,official_forecast,,,,False,False,True
light_ruc_net_km,Light RUC net km,Actual,Actual,source_actual,actual_benchmark,actual,,FY2024,2024,10355.550659,million km,historical_actual,mbu26_complete_actual_line,mbu26_annual_spine.csv,Z10,ACTUAL,,,False,actual,2023Q3; 2023Q4; 2024Q1; 2024Q2,,2023Q3; 2023Q4; 2024Q1; 2024Q2,False,False,True
light_ruc_net_km,Light RUC net km,Actual,Actual,source_actual,actual_benchmark,actual,,FY2025,2025,12273.983872,million km,historical_actual,mbu26_complete_actual_line,mbu26_annual_spine.csv,AA10,ACTUAL,,,False,actual,2024Q3; 2024Q4; 2025Q1; 2025Q2,,2024Q3; 2024Q4; 2025Q1; 2025Q2,True,False,True
light_ruc_net_km,Light RUC net km,Current finalist Base case,current finalist base,in_house_current_finalist,current_finalist_forecast,current_basecase,Current planned path,FY2025,2025,12273.983872,million km,future_forecast,actual_anchor,mbu26_annual_spine.csv,AA10,ACTUAL,,dynamic_RESID_GBR_n150_d1_lr0.05_w36,False,Actual anchor,2024Q3; 2024Q4; 2025Q1; 2025Q2,,2024Q3; 2024Q4; 2025Q1; 2025Q2,True,False,True
light_ruc_net_km,Light RUC net km,Current finalist High population/comparison,current finalist comparison,in_house_current_finalist,current_finalist_forecast,current_comparison_1,Current planned path,FY2025,2025,12273.983872,million km,future_forecast,actual_anchor,mbu26_annual_spine.csv,AA10,ACTUAL,,dynamic_RESID_GBR_n150_d1_lr0.05_w36,False,Actual anchor,2024Q3; 2024Q4; 2025Q1; 2025Q2,,2024Q3; 2024Q4; 2025Q1; 2025Q2,True,False,True
light_ruc_net_km,Light RUC net km,Current finalist Base case,current finalist base,in_house_current_finalist,current_finalist_forecast,current_basecase,Current planned path,FY2026,2026,12580.128613748024,million km,future_forecast,current_nowcast,forecast_scenario_comparison.parquet; mbu26_official_annual.csv,data/current_revenue_outlook/revenue_chart_rows.csv:historical_actual:2025Q3; data/current_revenue_outlook/revenue_chart_rows.csv:historical_actual:2025Q4; data/current_revenue_outlook/revenue_chart_rows.csv:current_basecase:2026Q1; data/current_revenue_outlook/revenue_chart_rows.csv:current_basecase:2026Q2; data/current_revenue_outlook/revenue_chart_rows.csv:historical_actual:2025Q3; data/current_revenue_outlook/revenue_chart_rows.csv:historical_actual:2025Q4; data/current_revenue_outlook/revenue_chart_rows.csv:current_basecase:2026Q1; data/current_revenue_outlook/revenue_chart_rows.csv:current_basecase:2026Q2; MBU26 migration cells AB10; AB12; AB14,source_backed,current Light RUC total modelled km - lambda * optimized EV/PHEV migration total,dynamic_RESID_GBR_n150_d1_lr0.05_w36,False,Current-finalist FY nowcast (2 actual + 2 forecast),2025Q3; 2025Q4,2026Q1; 2026Q2,2025Q3; 2025Q4; 2026Q1; 2026Q2,False,True,True
light_ruc_net_km,Light RUC net km,Current finalist High population/comparison,current finalist comparison,in_house_current_finalist,current_finalist_forecast,current_comparison_1,Current planned path,FY2026,2026,12487.528273562866,million km,future_forecast,current_nowcast,forecast_scenario_comparison.parquet; mbu26_official_annual.csv,data/current_revenue_outlook/revenue_chart_rows.csv:historical_actual:2025Q3; data/current_revenue_outlook/revenue_chart_rows.csv:historical_actual:2025Q4; data/current_revenue_outlook/revenue_chart_rows.csv:current_comparison_1:2026Q1; data/current_revenue_outlook/revenue_chart_rows.csv:current_comparison_1:2026Q2; data/current_revenue_outlook/revenue_chart_rows.csv:historical_actual:2025Q3; data/current_revenue_outlook/revenue_chart_rows.csv:historical_actual:2025Q4; data/current_revenue_outlook/revenue_chart_rows.csv:current_comparison_1:2026Q1; data/current_revenue_outlook/revenue_chart_rows.csv:current_comparison_1:2026Q2; MBU26 migration cells AB10; AB12; AB14,source_backed,current Light RUC total modelled km - lambda * optimized EV/PHEV migration total,dynamic_RESID_GBR_n150_d1_lr0.05_w36,False,Current-finalist FY nowcast (2 actual + 2 forecast),2025Q3; 2025Q4,2026Q1; 2026Q2,2025Q3; 2025Q4; 2026Q1; 2026Q2,False,True,True
light_ruc_net_km,Light RUC net km,MBU26 official,MBU26 official,official_external_comparator,mbu26_official,mbu26_official,MBU26,FY2026,2026,12899.1247322853,million km,official_comparator,mbu26_official_forecast,mbu26_annual_spine.csv,AB10,ST_FORECAST,,,False,official_forecast,,,,False,False,True
light_ruc_net_km,Light RUC net km,Current finalist Base case,current finalist base,in_house_current_finalist,current_finalist_forecast,current_basecase,Current planned path,FY2027,2027,12139.165241093515,million km,future_forecast,current_forecast,forecast_scenario_comparison.parquet; mbu26_official_annual.csv,data/current_revenue_outlook/revenue_chart_rows.csv:current_basecase:2026Q3; data/current_revenue_outlook/revenue_chart_rows.csv:current_basecase:2026Q4; data/current_revenue_outlook/revenue_chart_rows.csv:current_basecase:2027Q1; data/current_revenue_outlook/revenue_chart_rows.csv:current_basecase:2027Q2; data/current_revenue_outlook/revenue_chart_rows.csv:current_basecase:2026Q3; data/current_revenue_outlook/revenue_chart_rows.csv:current_basecase:2026Q4; data/current_revenue_outlook/revenue_chart_rows.csv:current_basecase:2027Q1; data/current_revenue_outlook/revenue_chart_rows.csv:current_basecase:2027Q2; MBU26 migration cells AC10; AC12; AC14,source_backed,current Light RUC total modelled km - lambda * optimized EV/PHEV migration total,dynamic_RESID_GBR_n150_d1_lr0.05_w36,False,current_finalist_forecast,,2026Q3; 2026Q4; 2027Q1; 2027Q2,2026Q3; 2026Q4; 2027Q1; 2027Q2,False,False,True
light_ruc_net_km,Light RUC net km,Current finalist High population/comparison,current finalist comparison,in_house_current_finalist,current_finalist_forecast,current_comparison_1,Current planned path,FY2027,2027,12078.731416911933,million km,future_forecast,current_forecast,forecast_scenario_comparison.parquet; mbu26_official_annual.csv,data/current_revenue_outlook/revenue_chart_rows.csv:current_comparison_1:2026Q3; data/current_revenue_outlook/revenue_chart_rows.csv:current_comparison_1:2026Q4; data/current_revenue_outlook/revenue_chart_rows.csv:current_comparison_1:2027Q1; data/current_revenue_outlook/revenue_chart_rows.csv:current_comparison_1:2027Q2; data/current_revenue_outlook/revenue_chart_rows.csv:current_comparison_1:2026Q3; data/current_revenue_outlook/revenue_chart_rows.csv:current_comparison_1:2026Q4; data/current_revenue_outlook/revenue_chart_rows.csv:current_comparison_1:2027Q1; data/current_revenue_outlook/revenue_chart_rows.csv:current_comparison_1:2027Q2; MBU26 migration cells AC10; AC12; AC14,source_backed,current Light RUC total modelled km - lambda * optimized EV/PHEV migration total,dynamic_RESID_GBR_n150_d1_lr0.05_w36,False,current_finalist_forecast,,2026Q3; 2026Q4; 2027Q1; 2027Q2,2026Q3; 2026Q4; 2027Q1; 2027Q2,False,False,True
light_ruc_net_km,Light RUC net km,MBU26 official,MBU26 official,official_external_comparator,mbu26_official,mbu26_official,MBU26,FY2027,2027,12939.636710647,million km,official_comparator,mbu26_official_forecast,mbu26_annual_spine.csv,AC10,ST_FORECAST,,,False,official_forecast,,,,False,False,True
light_ruc_net_revenue,Light RUC revenue,Actual,Actual,source_actual,actual_benchmark,actual,,FY2024,2024,696.350840121739,$m nominal ex GST,historical_actual,mbu26_complete_actual_line,mbu26_annual_spine.csv,Z33,ACTUAL,,,False,actual,2023Q3; 2023Q4; 2024Q1; 2024Q2,,2023Q3; 2023Q4; 2024Q1; 2024Q2,False,False,True
light_ruc_net_revenue,Light RUC revenue,Actual,Actual,source_actual,actual_benchmark,actual,,FY2025,2025,830.974453217391,$m nominal ex GST,historical_actual,mbu26_complete_actual_line,mbu26_annual_spine.csv,AA33,ACTUAL,,,False,actual,2024Q3; 2024Q4; 2025Q1; 2025Q2,,2024Q3; 2024Q4; 2025Q1; 2025Q2,True,False,True
light_ruc_net_revenue,Light RUC revenue,Current finalist Base case,current finalist base,in_house_current_finalist,current_finalist_forecast,current_basecase,Current planned path,FY2025,2025,830.974453217391,$m nominal ex GST,future_forecast,actual_anchor,mbu26_annual_spine.csv,AA33,ACTUAL,,dynamic_RESID_GBR_n150_d1_lr0.05_w36,True,Actual anchor,2024Q3; 2024Q4; 2025Q1; 2025Q2,,2024Q3; 2024Q4; 2025Q1; 2025Q2,True,False,True
light_ruc_net_revenue,Light RUC revenue,Current finalist High population/comparison,current finalist comparison,in_house_current_finalist,current_finalist_forecast,current_comparison_1,Current planned path,FY2025,2025,830.974453217391,$m nominal ex GST,future_forecast,actual_anchor,mbu26_annual_spine.csv,AA33,ACTUAL,,dynamic_RESID_GBR_n150_d1_lr0.05_w36,True,Actual anchor,2024Q3; 2024Q4; 2025Q1; 2025Q2,,2024Q3; 2024Q4; 2025Q1; 2025Q2,True,False,True
light_ruc_net_revenue,Light RUC revenue,Current finalist Base case,current finalist base,in_house_current_finalist,current_finalist_forecast,current_basecase,Current planned path,FY2026,2026,852.2064535524369,$m nominal ex GST,future_forecast,current_nowcast,forecast_scenario_comparison.parquet; mbu26_official_annual.csv,data/current_revenue_outlook/revenue_chart_rows.csv:historical_actual:2025Q3; data/current_revenue_outlook/revenue_chart_rows.csv:historical_actual:2025Q4; data/current_revenue_outlook/revenue_chart_rows.csv:current_basecase:2026Q1; data/current_revenue_outlook/revenue_chart_rows.csv:current_basecase:2026Q2; data/current_revenue_outlook/revenue_chart_rows.csv:historical_actual:2025Q3; data/current_revenue_outlook/revenue_chart_rows.csv:historical_actual:2025Q4; data/current_revenue_outlook/revenue_chart_rows.csv:current_basecase:2026Q1; data/current_revenue_outlook/revenue_chart_rows.csv:current_basecase:2026Q2; MBU26 migration cells AB10; AB12; AB14,source_backed,optimized conventional Light RUC km * MBU26 conventional Light effective rate,dynamic_RESID_GBR_n150_d1_lr0.05_w36,True,Current-finalist FY nowcast (2 actual + 2 forecast),2025Q3; 2025Q4,2026Q1; 2026Q2,2025Q3; 2025Q4; 2026Q1; 2026Q2,False,True,True
light_ruc_net_revenue,Light RUC revenue,Current finalist High population/comparison,current finalist comparison,in_house_current_finalist,current_finalist_forecast,current_comparison_1,Current planned path,FY2026,2026,845.9334964206075,$m nominal ex GST,future_forecast,current_nowcast,forecast_scenario_comparison.parquet; mbu26_official_annual.csv,data/current_revenue_outlook/revenue_chart_rows.csv:historical_actual:2025Q3; data/current_revenue_outlook/revenue_chart_rows.csv:historical_actual:2025Q4; data/current_revenue_outlook/revenue_chart_rows.csv:current_comparison_1:2026Q1; data/current_revenue_outlook/revenue_chart_rows.csv:current_comparison_1:2026Q2; data/current_revenue_outlook/revenue_chart_rows.csv:historical_actual:2025Q3; data/current_revenue_outlook/revenue_chart_rows.csv:historical_actual:2025Q4; data/current_revenue_outlook/revenue_chart_rows.csv:current_comparison_1:2026Q1; data/current_revenue_outlook/revenue_chart_rows.csv:current_comparison_1:2026Q2; MBU26 migration cells AB10; AB12; AB14,source_backed,optimized conventional Light RUC km * MBU26 conventional Light effective rate,dynamic_RESID_GBR_n150_d1_lr0.05_w36,True,Current-finalist FY nowcast (2 actual + 2 forecast),2025Q3; 2025Q4,2026Q1; 2026Q2,2025Q3; 2025Q4; 2026Q1; 2026Q2,False,True,True
light_ruc_net_revenue,Light RUC revenue,MBU26 official,MBU26 official,official_external_comparator,mbu26_official,mbu26_official,MBU26,FY2026,2026,873.815974346887,$m nominal ex GST,official_comparator,mbu26_official_forecast,mbu26_annual_spine.csv,AB33,ST_FORECAST,,,False,official_forecast,,,,False,False,True
light_ruc_net_revenue,Light RUC revenue,Current finalist Base case,current finalist base,in_house_current_finalist,current_finalist_forecast,current_basecase,Current planned path,FY2027,2027,885.3367929088809,$m nominal ex GST,future_forecast,current_forecast,forecast_scenario_comparison.parquet; mbu26_official_annual.csv,data/current_revenue_outlook/revenue_chart_rows.csv:current_basecase:2026Q3; data/current_revenue_outlook/revenue_chart_rows.csv:current_basecase:2026Q4; data/current_revenue_outlook/revenue_chart_rows.csv:current_basecase:2027Q1; data/current_revenue_outlook/revenue_chart_rows.csv:current_basecase:2027Q2; data/current_revenue_outlook/revenue_chart_rows.csv:current_basecase:2026Q3; data/current_revenue_outlook/revenue_chart_rows.csv:current_basecase:2026Q4; data/current_revenue_outlook/revenue_chart_rows.csv:current_basecase:2027Q1; data/current_revenue_outlook/revenue_chart_rows.csv:current_basecase:2027Q2; MBU26 migration cells AC10; AC12; AC14,source_backed,optimized conventional Light RUC km * MBU26 conventional Light effective rate,dynamic_RESID_GBR_n150_d1_lr0.05_w36,True,current_finalist_forecast,,2026Q3; 2026Q4; 2027Q1; 2027Q2,2026Q3; 2026Q4; 2027Q1; 2027Q2,False,False,True
light_ruc_net_revenue,Light RUC revenue,Current finalist High population/comparison,current finalist comparison,in_house_current_finalist,current_finalist_forecast,current_comparison_1,Current planned path,FY2027,2027,880.9292173448694,$m nominal ex GST,future_forecast,current_forecast,forecast_scenario_comparison.parquet; mbu26_official_annual.csv,data/current_revenue_outlook/revenue_chart_rows.csv:current_comparison_1:2026Q3; data/current_revenue_outlook/revenue_chart_rows.csv:current_comparison_1:2026Q4; data/current_revenue_outlook/revenue_chart_rows.csv:current_comparison_1:2027Q1; data/current_revenue_outlook/revenue_chart_rows.csv:current_comparison_1:2027Q2; data/current_revenue_outlook/revenue_chart_rows.csv:current_comparison_1:2026Q3; data/current_revenue_outlook/revenue_chart_rows.csv:current_comparison_1:2026Q4; data/current_revenue_outlook/revenue_chart_rows.csv:current_comparison_1:2027Q1; data/current_revenue_outlook/revenue_chart_rows.csv:current_comparison_1:2027Q2; MBU26 migration cells AC10; AC12; AC14,source_backed,optimized conventional Light RUC km * MBU26 conventional Light effective rate,dynamic_RESID_GBR_n150_d1_lr0.05_w36,True,current_finalist_forecast,,2026Q3; 2026Q4; 2027Q1; 2027Q2,2026Q3; 2026Q4; 2027Q1; 2027Q2,False,False,True
light_ruc_net_revenue,Light RUC revenue,MBU26 official,MBU26 official,official_external_comparator,mbu26_official,mbu26_official,MBU26,FY2027,2027,943.716988712666,$m nominal ex GST,official_comparator,mbu26_official_forecast,mbu26_annual_spine.csv,AC33,ST_FORECAST,,,False,official_forecast,,,,False,False,True
net_fed_revenue,Net FED revenue,Actual,Actual,source_actual,actual_benchmark,actual,,FY2024,2024,2006.92979505,$m nominal ex GST,historical_actual,mbu26_complete_actual_line,mbu26_annual_spine.csv,Z50,ACTUAL,gross_fed_revenue - fed_refunds,,False,actual,2023Q3; 2023Q4; 2024Q1; 2024Q2,,2023Q3; 2023Q4; 2024Q1; 2024Q2,False,False,True
net_fed_revenue,Net FED revenue,Actual,Actual,source_actual,actual_benchmark,actual,,FY2025,2025,1997.7271466,$m nominal ex GST,historical_actual,mbu26_complete_actual_line,mbu26_annual_spine.csv,AA50,ACTUAL,gross_fed_revenue - fed_refunds,,False,actual,2024Q3; 2024Q4; 2025Q1; 2025Q2,,2024Q3; 2024Q4; 2025Q1; 2025Q2,True,False,True
net_fed_revenue,Net FED revenue,Current finalist Base case,current finalist base,in_house_current_finalist,current_finalist_forecast,current_basecase,Current planned path,FY2025,2025,1997.7271466,$m nominal ex GST,future_forecast,actual_anchor,mbu26_annual_spine.csv,AA50,ACTUAL,gross_fed_revenue - fed_refunds,PED__VNEXT_SOLVED_CONVEX_TOP2,False,Actual anchor,2024Q3; 2024Q4; 2025Q1; 2025Q2,,2024Q3; 2024Q4; 2025Q1; 2025Q2,True,False,True
net_fed_revenue,Net FED revenue,Current finalist High population/comparison,current finalist comparison,in_house_current_finalist,current_finalist_forecast,current_comparison_1,Current planned path,FY2025,2025,1997.7271466,$m nominal ex GST,future_forecast,actual_anchor,mbu26_annual_spine.csv,AA50,ACTUAL,gross_fed_revenue - fed_refunds,PED__VNEXT_SOLVED_CONVEX_TOP2,False,Actual anchor,2024Q3; 2024Q4; 2025Q1; 2025Q2,,2024Q3; 2024Q4; 2025Q1; 2025Q2,True,False,True
net_fed_revenue,Net FED revenue,Current finalist Base case,current finalist base,in_house_current_finalist,current_finalist_forecast,current_basecase,Current planned path,FY2026,2026,2019.2143855204954,$m nominal ex GST,future_forecast,current_nowcast,current_hybrid_formula,current_revenue_outlook:current_basecase:FY2026,source_backed,gross_fed_revenue - MBU26 fed_refunds,PED__VNEXT_SOLVED_CONVEX_TOP2,False,Current-finalist FY nowcast (2 actual + 2 forecast),2025Q3; 2025Q4,2026Q1; 2026Q2,2025Q3; 2025Q4; 2026Q1; 2026Q2,False,True,True
net_fed_revenue,Net FED revenue,Current finalist High population/comparison,current finalist comparison,in_house_current_finalist,current_finalist_forecast,current_comparison_1,Current planned path,FY2026,2026,2025.9234577297439,$m nominal ex GST,future_forecast,current_nowcast,current_hybrid_formula,current_revenue_outlook:current_comparison_1:FY2026,source_backed,gross_fed_revenue - MBU26 fed_refunds,PED__VNEXT_SOLVED_CONVEX_TOP2,False,Current-finalist FY nowcast (2 actual + 2 forecast),2025Q3; 2025Q4,2026Q1; 2026Q2,2025Q3; 2025Q4; 2026Q1; 2026Q2,False,True,True
net_fed_revenue,Net FED revenue,MBU26 official,MBU26 official,official_external_comparator,mbu26_official,mbu26_official,MBU26,FY2026,2026,2031.56232478189,$m nominal ex GST,official_comparator,mbu26_official_forecast,mbu26_annual_spine.csv,AB50,ST_FORECAST,gross_fed_revenue - fed_refunds,,False,official_forecast,,,,False,False,True
net_fed_revenue,Net FED revenue,Current finalist Base case,current finalist base,in_house_current_finalist,current_finalist_forecast,current_basecase,Current planned path,FY2027,2027,2115.9410298468897,$m nominal ex GST,future_forecast,current_forecast,current_hybrid_formula,current_revenue_outlook:current_basecase:FY2027,source_backed,gross_fed_revenue - MBU26 fed_refunds,PED__VNEXT_SOLVED_CONVEX_TOP2,False,current_finalist_forecast,,2026Q3; 2026Q4; 2027Q1; 2027Q2,2026Q3; 2026Q4; 2027Q1; 2027Q2,False,False,True
net_fed_revenue,Net FED revenue,Current finalist High population/comparison,current finalist comparison,in_house_current_finalist,current_finalist_forecast,current_comparison_1,Current planned path,FY2027,2027,2124.2680589661613,$m nominal ex GST,future_forecast,current_forecast,current_hybrid_formula,current_revenue_outlook:current_comparison_1:FY2027,source_backed,gross_fed_revenue - MBU26 fed_refunds,PED__VNEXT_SOLVED_CONVEX_TOP2,False,current_finalist_forecast,,2026Q3; 2026Q4; 2027Q1; 2027Q2,2026Q3; 2026Q4; 2027Q1; 2027Q2,False,False,True
net_fed_revenue,Net FED revenue,MBU26 official,MBU26 official,official_external_comparator,mbu26_official,mbu26_official,MBU26,FY2027,2027,2161.40562344609,$m nominal ex GST,official_comparator,mbu26_official_forecast,mbu26_annual_spine.csv,AC50,ST_FORECAST,gross_fed_revenue - fed_refunds,,False,official_forecast,,,,False,False,True
net_mvr_revenue,Net MVR revenue,Actual,Actual,source_actual,actual_benchmark,actual,,FY2024,2024,232.27816723,$m nominal ex GST,historical_actual,mbu26_complete_actual_line,mbu26_annual_spine.csv,Z60,ACTUAL,mvr_revenue_net_admin_coo - mvr_refunds,,False,actual,2023Q3; 2023Q4; 2024Q1; 2024Q2,,2023Q3; 2023Q4; 2024Q1; 2024Q2,False,False,True
net_mvr_revenue,Net MVR revenue,Actual,Actual,source_actual,actual_benchmark,actual,,FY2025,2025,286.79349111,$m nominal ex GST,historical_actual,mbu26_complete_actual_line,mbu26_annual_spine.csv,AA60,ACTUAL,mvr_revenue_net_admin_coo - mvr_refunds,,False,actual,2024Q3; 2024Q4; 2025Q1; 2025Q2,,2024Q3; 2024Q4; 2025Q1; 2025Q2,True,False,True
net_mvr_revenue,Net MVR revenue,Current finalist Base case,current finalist base,in_house_current_finalist,current_finalist_forecast,current_basecase,Current planned path,FY2025,2025,286.79349111,$m nominal ex GST,future_forecast,actual_anchor,mbu26_annual_spine.csv,AA60,ACTUAL,mvr_revenue_net_admin_coo - mvr_refunds,,False,Actual anchor,2024Q3; 2024Q4; 2025Q1; 2025Q2,,2024Q3; 2024Q4; 2025Q1; 2025Q2,True,False,True
net_mvr_revenue,Net MVR revenue,Current finalist High population/comparison,current finalist comparison,in_house_current_finalist,current_finalist_forecast,current_comparison_1,Current planned path,FY2025,2025,286.79349111,$m nominal ex GST,future_forecast,actual_anchor,mbu26_annual_spine.csv,AA60,ACTUAL,mvr_revenue_net_admin_coo - mvr_refunds,,False,Actual anchor,2024Q3; 2024Q4; 2025Q1; 2025Q2,,2024Q3; 2024Q4; 2025Q1; 2025Q2,True,False,True
net_mvr_revenue,Net MVR revenue,Current finalist Base case,current finalist base,in_house_current_finalist,current_finalist_forecast,current_basecase,Current planned path,FY2026,2026,425.1291935285919,$m nominal ex GST,future_forecast,current_nowcast,mbu26_official_annual.csv,AB60,source_backed,mvr_revenue_net_admin_coo - mvr_refunds,,False,Current-finalist FY nowcast (2 actual + 2 forecast),2025Q3; 2025Q4,2026Q1; 2026Q2,2025Q3; 2025Q4; 2026Q1; 2026Q2,False,True,True
net_mvr_revenue,Net MVR revenue,Current finalist High population/comparison,current finalist comparison,in_house_current_finalist,current_finalist_forecast,current_comparison_1,Current planned path,FY2026,2026,425.1291935285919,$m nominal ex GST,future_forecast,current_nowcast,mbu26_official_annual.csv,AB60,source_backed,mvr_revenue_net_admin_coo - mvr_refunds,,False,Current-finalist FY nowcast (2 actual + 2 forecast),2025Q3; 2025Q4,2026Q1; 2026Q2,2025Q3; 2025Q4; 2026Q1; 2026Q2,False,True,True
net_mvr_revenue,Net MVR revenue,MBU26 official,MBU26 official,official_external_comparator,mbu26_official,mbu26_official,MBU26,FY2026,2026,425.129193528592,$m nominal ex GST,official_comparator,mbu26_official_forecast,mbu26_annual_spine.csv,AB60,ST_FORECAST,mvr_revenue_net_admin_coo - mvr_refunds,,False,official_forecast,,,,False,False,True
net_mvr_revenue,Net MVR revenue,Current finalist Base case,current finalist base,in_house_current_finalist,current_finalist_forecast,current_basecase,Current planned path,FY2027,2027,496.1497521504495,$m nominal ex GST,future_forecast,current_forecast,mbu26_official_annual.csv,AC60,source_backed,mvr_revenue_net_admin_coo - mvr_refunds,,False,current_finalist_forecast,,2026Q3; 2026Q4; 2027Q1; 2027Q2,2026Q3; 2026Q4; 2027Q1; 2027Q2,False,False,True
net_mvr_revenue,Net MVR revenue,Current finalist High population/comparison,current finalist comparison,in_house_current_finalist,current_finalist_forecast,current_comparison_1,Current planned path,FY2027,2027,496.1497521504495,$m nominal ex GST,future_forecast,current_forecast,mbu26_official_annual.csv,AC60,source_backed,mvr_revenue_net_admin_coo - mvr_refunds,,False,current_finalist_forecast,,2026Q3; 2026Q4; 2027Q1; 2027Q2,2026Q3; 2026Q4; 2027Q1; 2027Q2,False,False,True
net_mvr_revenue,Net MVR revenue,MBU26 official,MBU26 official,official_external_comparator,mbu26_official,mbu26_official,MBU26,FY2027,2027,496.149752150449,$m nominal ex GST,official_comparator,mbu26_official_forecast,mbu26_annual_spine.csv,AC60,ST_FORECAST,mvr_revenue_net_admin_coo - mvr_refunds,,False,official_forecast,,,,False,False,True
ped_vkt_per_capita,PED VKT per capita,Actual,Actual,source_actual,actual_benchmark,actual,,FY2024,2024,6110.2238322405,km/person,historical_actual,mbu26_complete_actual_line,mbu26_annual_spine.csv,Z17,ACTUAL,,,False,actual,2023Q3; 2023Q4; 2024Q1; 2024Q2,,2023Q3; 2023Q4; 2024Q1; 2024Q2,False,False,True
ped_vkt_per_capita,PED VKT per capita,Actual,Actual,source_actual,actual_benchmark,actual,,FY2025,2025,5973.14429429917,km/person,historical_actual,mbu26_complete_actual_line,mbu26_annual_spine.csv,AA17,ACTUAL,,,False,actual,2024Q3; 2024Q4; 2025Q1; 2025Q2,,2024Q3; 2024Q4; 2025Q1; 2025Q2,True,False,True
ped_vkt_per_capita,PED VKT per capita,Current finalist Base case,current finalist base,in_house_current_finalist,current_finalist_forecast,current_basecase,Current planned path,FY2025,2025,5973.14429429917,km/person,future_forecast,actual_anchor,mbu26_annual_spine.csv,AA17,ACTUAL,,PED__VNEXT_SOLVED_CONVEX_TOP2,False,Actual anchor,2024Q3; 2024Q4; 2025Q1; 2025Q2,,2024Q3; 2024Q4; 2025Q1; 2025Q2,True,False,True
ped_vkt_per_capita,PED VKT per capita,Current finalist High population/comparison,current finalist comparison,in_house_current_finalist,current_finalist_forecast,current_comparison_1,Current planned path,FY2025,2025,5973.14429429917,km/person,future_forecast,actual_anchor,mbu26_annual_spine.csv,AA17,ACTUAL,,PED__VNEXT_SOLVED_CONVEX_TOP2,False,Actual anchor,2024Q3; 2024Q4; 2025Q1; 2025Q2,,2024Q3; 2024Q4; 2025Q1; 2025Q2,True,False,True
ped_vkt_per_capita,PED VKT per capita,Current finalist Base case,current finalist base,in_house_current_finalist,current_finalist_forecast,current_basecase,Current planned path,FY2026,2026,6169.513389534369,km/person,future_forecast,current_nowcast,forecast_scenario_comparison.parquet,data/current_revenue_outlook/revenue_chart_rows.csv:historical_actual:2025Q3; data/current_revenue_outlook/revenue_chart_rows.csv:historical_actual:2025Q4; data/current_revenue_outlook/revenue_chart_rows.csv:current_basecase:2026Q1; data/current_revenue_outlook/revenue_chart_rows.csv:current_basecase:2026Q2,source_backed,sum quarterly current finalist PED VKT/capita,PED__VNEXT_SOLVED_CONVEX_TOP2,False,Current-finalist FY nowcast (2 actual + 2 forecast),2025Q3; 2025Q4,2026Q1; 2026Q2,2025Q3; 2025Q4; 2026Q1; 2026Q2,False,True,True
ped_vkt_per_capita,PED VKT per capita,Current finalist High population/comparison,current finalist comparison,in_house_current_finalist,current_finalist_forecast,current_comparison_1,Current planned path,FY2026,2026,6169.2392325267765,km/person,future_forecast,current_nowcast,forecast_scenario_comparison.parquet,data/current_revenue_outlook/revenue_chart_rows.csv:historical_actual:2025Q3; data/current_revenue_outlook/revenue_chart_rows.csv:historical_actual:2025Q4; data/current_revenue_outlook/revenue_chart_rows.csv:current_comparison_1:2026Q1; data/current_revenue_outlook/revenue_chart_rows.csv:current_comparison_1:2026Q2,source_backed,sum quarterly current finalist PED VKT/capita,PED__VNEXT_SOLVED_CONVEX_TOP2,False,Current-finalist FY nowcast (2 actual + 2 forecast),2025Q3; 2025Q4,2026Q1; 2026Q2,2025Q3; 2025Q4; 2026Q1; 2026Q2,False,True,True
ped_vkt_per_capita,PED VKT per capita,MBU26 official,MBU26 official,official_external_comparator,mbu26_official,mbu26_official,MBU26,FY2026,2026,5935.87599744435,km/person,official_comparator,mbu26_official_forecast,mbu26_annual_spine.csv,AB17,ST_FORECAST,,,False,official_forecast,,,,False,False,True
ped_vkt_per_capita,PED VKT per capita,Current finalist Base case,current finalist base,in_house_current_finalist,current_finalist_forecast,current_basecase,Current planned path,FY2027,2027,6141.008454644322,km/person,future_forecast,current_forecast,forecast_scenario_comparison.parquet,data/current_revenue_outlook/revenue_chart_rows.csv:current_basecase:2026Q3; data/current_revenue_outlook/revenue_chart_rows.csv:current_basecase:2026Q4; data/current_revenue_outlook/revenue_chart_rows.csv:current_basecase:2027Q1; data/current_revenue_outlook/revenue_chart_rows.csv:current_basecase:2027Q2,source_backed,sum quarterly current finalist PED VKT/capita,PED__VNEXT_SOLVED_CONVEX_TOP2,False,current_finalist_forecast,,2026Q3; 2026Q4; 2027Q1; 2027Q2,2026Q3; 2026Q4; 2027Q1; 2027Q2,False,False,True
ped_vkt_per_capita,PED VKT per capita,Current finalist High population/comparison,current finalist comparison,in_house_current_finalist,current_finalist_forecast,current_comparison_1,Current planned path,FY2027,2027,6138.803634393285,km/person,future_forecast,current_forecast,forecast_scenario_comparison.parquet,data/current_revenue_outlook/revenue_chart_rows.csv:current_comparison_1:2026Q3; data/current_revenue_outlook/revenue_chart_rows.csv:current_comparison_1:2026Q4; data/current_revenue_outlook/revenue_chart_rows.csv:current_comparison_1:2027Q1; data/current_revenue_outlook/revenue_chart_rows.csv:current_comparison_1:2027Q2,source_backed,sum quarterly current finalist PED VKT/capita,PED__VNEXT_SOLVED_CONVEX_TOP2,False,current_finalist_forecast,,2026Q3; 2026Q4; 2027Q1; 2027Q2,2026Q3; 2026Q4; 2027Q1; 2027Q2,False,False,True
ped_vkt_per_capita,PED VKT per capita,MBU26 official,MBU26 official,official_external_comparator,mbu26_official,mbu26_official,MBU26,FY2027,2027,5924.5731702763,km/person,official_comparator,mbu26_official_forecast,mbu26_annual_spine.csv,AC17,ST_FORECAST,,,False,official_forecast,,,,False,False,True
phev_ruc_net_km,PHEV RUC net km,Actual,Actual,source_actual,actual_benchmark,actual,,FY2024,2024,194.94237,million km,historical_actual,mbu26_complete_actual_line,mbu26_annual_spine.csv,Z14,ACTUAL,,,False,actual,2023Q3; 2023Q4; 2024Q1; 2024Q2,,2023Q3; 2023Q4; 2024Q1; 2024Q2,False,False,True
phev_ruc_net_km,PHEV RUC net km,Actual,Actual,source_actual,actual_benchmark,actual,,FY2025,2025,435.117435,million km,historical_actual,mbu26_complete_actual_line,mbu26_annual_spine.csv,AA14,ACTUAL,,,False,actual,2024Q3; 2024Q4; 2025Q1; 2025Q2,,2024Q3; 2024Q4; 2025Q1; 2025Q2,True,False,True
phev_ruc_net_km,PHEV RUC net km,Current finalist Base case,current finalist base,in_house_current_finalist,current_finalist_forecast,current_basecase,Current planned path,FY2025,2025,435.117435,million km,future_forecast,actual_anchor,mbu26_annual_spine.csv,AA14,ACTUAL,,PED__VNEXT_SOLVED_CONVEX_TOP2; dynamic_RESID_GBR_n150_d1_lr0.05_w36; HEAVY_RUC__VNEXT_SOLVED_CONVEX_TOP4,False,Actual anchor,2024Q3; 2024Q4; 2025Q1; 2025Q2,,2024Q3; 2024Q4; 2025Q1; 2025Q2,True,False,True
phev_ruc_net_km,PHEV RUC net km,Current finalist High population/comparison,current finalist comparison,in_house_current_finalist,current_finalist_forecast,current_comparison_1,Current planned path,FY2025,2025,435.117435,million km,future_forecast,actual_anchor,mbu26_annual_spine.csv,AA14,ACTUAL,,PED__VNEXT_SOLVED_CONVEX_TOP2; dynamic_RESID_GBR_n150_d1_lr0.05_w36; HEAVY_RUC__VNEXT_SOLVED_CONVEX_TOP4,False,Actual anchor,2024Q3; 2024Q4; 2025Q1; 2025Q2,,2024Q3; 2024Q4; 2025Q1; 2025Q2,True,False,True
phev_ruc_net_km,PHEV RUC net km,Current finalist Base case,current finalist base,in_house_current_finalist,current_finalist_forecast,current_basecase,Current planned path,FY2026,2026,626.1791582998889,million km,future_forecast,current_nowcast,forecast_scenario_comparison.parquet; mbu26_official_annual.csv,data/current_revenue_outlook/revenue_chart_rows.csv:historical_actual:2025Q3; data/current_revenue_outlook/revenue_chart_rows.csv:historical_actual:2025Q4; data/current_revenue_outlook/revenue_chart_rows.csv:current_basecase:2026Q1; data/current_revenue_outlook/revenue_chart_rows.csv:current_basecase:2026Q2; data/current_revenue_outlook/revenue_chart_rows.csv:historical_actual:2025Q3; data/current_revenue_outlook/revenue_chart_rows.csv:historical_actual:2025Q4; data/current_revenue_outlook/revenue_chart_rows.csv:current_basecase:2026Q1; data/current_revenue_outlook/revenue_chart_rows.csv:current_basecase:2026Q2; MBU26 migration cells AB10; AB12; AB14,source_backed,optimized EV/PHEV migration total * MBU26 PHEV share within EV/PHEV,PED__VNEXT_SOLVED_CONVEX_TOP2; dynamic_RESID_GBR_n150_d1_lr0.05_w36; HEAVY_RUC__VNEXT_SOLVED_CONVEX_TOP4,False,Current-finalist FY nowcast (2 actual + 2 forecast),2025Q3; 2025Q4,2026Q1; 2026Q2,2025Q3; 2025Q4; 2026Q1; 2026Q2,False,True,True
phev_ruc_net_km,PHEV RUC net km,Current finalist High population/comparison,current finalist comparison,in_house_current_finalist,current_finalist_forecast,current_comparison_1,Current planned path,FY2026,2026,626.3340601214237,million km,future_forecast,current_nowcast,forecast_scenario_comparison.parquet; mbu26_official_annual.csv,data/current_revenue_outlook/revenue_chart_rows.csv:historical_actual:2025Q3; data/current_revenue_outlook/revenue_chart_rows.csv:historical_actual:2025Q4; data/current_revenue_outlook/revenue_chart_rows.csv:current_comparison_1:2026Q1; data/current_revenue_outlook/revenue_chart_rows.csv:current_comparison_1:2026Q2; data/current_revenue_outlook/revenue_chart_rows.csv:historical_actual:2025Q3; data/current_revenue_outlook/revenue_chart_rows.csv:historical_actual:2025Q4; data/current_revenue_outlook/revenue_chart_rows.csv:current_comparison_1:2026Q1; data/current_revenue_outlook/revenue_chart_rows.csv:current_comparison_1:2026Q2; MBU26 migration cells AB10; AB12; AB14,source_backed,optimized EV/PHEV migration total * MBU26 PHEV share within EV/PHEV,PED__VNEXT_SOLVED_CONVEX_TOP2; dynamic_RESID_GBR_n150_d1_lr0.05_w36; HEAVY_RUC__VNEXT_SOLVED_CONVEX_TOP4,False,Current-finalist FY nowcast (2 actual + 2 forecast),2025Q3; 2025Q4,2026Q1; 2026Q2,2025Q3; 2025Q4; 2026Q1; 2026Q2,False,True,True
phev_ruc_net_km,PHEV RUC net km,MBU26 official,MBU26 official,official_external_comparator,mbu26_official,mbu26_official,MBU26,FY2026,2026,633.39411052937,million km,official_comparator,mbu26_official_forecast,mbu26_annual_spine.csv,AB14,ST_FORECAST,,,False,official_forecast,,,,False,False,True
phev_ruc_net_km,PHEV RUC net km,Current finalist Base case,current finalist base,in_house_current_finalist,current_finalist_forecast,current_basecase,Current planned path,FY2027,2027,838.3012422723682,million km,future_forecast,current_forecast,forecast_scenario_comparison.parquet; mbu26_official_annual.csv,data/current_revenue_outlook/revenue_chart_rows.csv:current_basecase:2026Q3; data/current_revenue_outlook/revenue_chart_rows.csv:current_basecase:2026Q4; data/current_revenue_outlook/revenue_chart_rows.csv:current_basecase:2027Q1; data/current_revenue_outlook/revenue_chart_rows.csv:current_basecase:2027Q2; data/current_revenue_outlook/revenue_chart_rows.csv:current_basecase:2026Q3; data/current_revenue_outlook/revenue_chart_rows.csv:current_basecase:2026Q4; data/current_revenue_outlook/revenue_chart_rows.csv:current_basecase:2027Q1; data/current_revenue_outlook/revenue_chart_rows.csv:current_basecase:2027Q2; MBU26 migration cells AC10; AC12; AC14,source_backed,optimized EV/PHEV migration total * MBU26 PHEV share within EV/PHEV,PED__VNEXT_SOLVED_CONVEX_TOP2; dynamic_RESID_GBR_n150_d1_lr0.05_w36; HEAVY_RUC__VNEXT_SOLVED_CONVEX_TOP4,False,current_finalist_forecast,,2026Q3; 2026Q4; 2027Q1; 2027Q2,2026Q3; 2026Q4; 2027Q1; 2027Q2,False,False,True
phev_ruc_net_km,PHEV RUC net km,Current finalist High population/comparison,current finalist comparison,in_house_current_finalist,current_finalist_forecast,current_comparison_1,Current planned path,FY2027,2027,839.4757664479871,million km,future_forecast,current_forecast,forecast_scenario_comparison.parquet; mbu26_official_annual.csv,data/current_revenue_outlook/revenue_chart_rows.csv:current_comparison_1:2026Q3; data/current_revenue_outlook/revenue_chart_rows.csv:current_comparison_1:2026Q4; data/current_revenue_outlook/revenue_chart_rows.csv:current_comparison_1:2027Q1; data/current_revenue_outlook/revenue_chart_rows.csv:current_comparison_1:2027Q2; data/current_revenue_outlook/revenue_chart_rows.csv:current_comparison_1:2026Q3; data/current_revenue_outlook/revenue_chart_rows.csv:current_comparison_1:2026Q4; data/current_revenue_outlook/revenue_chart_rows.csv:current_comparison_1:2027Q1; data/current_revenue_outlook/revenue_chart_rows.csv:current_comparison_1:2027Q2; MBU26 migration cells AC10; AC12; AC14,source_backed,optimized EV/PHEV migration total * MBU26 PHEV share within EV/PHEV,PED__VNEXT_SOLVED_CONVEX_TOP2; dynamic_RESID_GBR_n150_d1_lr0.05_w36; HEAVY_RUC__VNEXT_SOLVED_CONVEX_TOP4,False,current_finalist_forecast,,2026Q3; 2026Q4; 2027Q1; 2027Q2,2026Q3; 2026Q4; 2027Q1; 2027Q2,False,False,True
phev_ruc_net_km,PHEV RUC net km,MBU26 official,MBU26 official,official_external_comparator,mbu26_official,mbu26_official,MBU26,FY2027,2027,866.45343854562,million km,official_comparator,mbu26_official_forecast,mbu26_annual_spine.csv,AC14,ST_FORECAST,,,False,official_forecast,,,,False,False,True
phev_ruc_net_revenue,PHEV RUC net revenue,Actual,Actual,source_actual,actual_benchmark,actual,,FY2024,2024,6.8007892,$m nominal ex GST,historical_actual,mbu26_complete_actual_line,mbu26_annual_spine.csv,Z37,ACTUAL,,,False,actual,2023Q3; 2023Q4; 2024Q1; 2024Q2,,2023Q3; 2023Q4; 2024Q1; 2024Q2,False,False,True
phev_ruc_net_revenue,PHEV RUC net revenue,Actual,Actual,source_actual,actual_benchmark,actual,,FY2025,2025,15.1075641391304,$m nominal ex GST,historical_actual,mbu26_complete_actual_line,mbu26_annual_spine.csv,AA37,ACTUAL,,,False,actual,2024Q3; 2024Q4; 2025Q1; 2025Q2,,2024Q3; 2024Q4; 2025Q1; 2025Q2,True,False,True
phev_ruc_net_revenue,PHEV RUC net revenue,Current finalist Base case,current finalist base,in_house_current_finalist,current_finalist_forecast,current_basecase,Current planned path,FY2025,2025,15.1075641391304,$m nominal ex GST,future_forecast,actual_anchor,mbu26_annual_spine.csv,AA37,ACTUAL,,PED__VNEXT_SOLVED_CONVEX_TOP2; dynamic_RESID_GBR_n150_d1_lr0.05_w36; HEAVY_RUC__VNEXT_SOLVED_CONVEX_TOP4,True,Actual anchor,2024Q3; 2024Q4; 2025Q1; 2025Q2,,2024Q3; 2024Q4; 2025Q1; 2025Q2,True,False,True
phev_ruc_net_revenue,PHEV RUC net revenue,Current finalist High population/comparison,current finalist comparison,in_house_current_finalist,current_finalist_forecast,current_comparison_1,Current planned path,FY2025,2025,15.1075641391304,$m nominal ex GST,future_forecast,actual_anchor,mbu26_annual_spine.csv,AA37,ACTUAL,,PED__VNEXT_SOLVED_CONVEX_TOP2; dynamic_RESID_GBR_n150_d1_lr0.05_w36; HEAVY_RUC__VNEXT_SOLVED_CONVEX_TOP4,True,Actual anchor,2024Q3; 2024Q4; 2025Q1; 2025Q2,,2024Q3; 2024Q4; 2025Q1; 2025Q2,True,False,True
phev_ruc_net_revenue,PHEV RUC net revenue,Current finalist Base case,current finalist base,in_house_current_finalist,current_finalist_forecast,current_basecase,Current planned path,FY2026,2026,21.591539779814145,$m nominal ex GST,future_forecast,current_nowcast,forecast_scenario_comparison.parquet; mbu26_official_annual.csv,data/current_revenue_outlook/revenue_chart_rows.csv:historical_actual:2025Q3; data/current_revenue_outlook/revenue_chart_rows.csv:historical_actual:2025Q4; data/current_revenue_outlook/revenue_chart_rows.csv:current_basecase:2026Q1; data/current_revenue_outlook/revenue_chart_rows.csv:current_basecase:2026Q2; data/current_revenue_outlook/revenue_chart_rows.csv:historical_actual:2025Q3; data/current_revenue_outlook/revenue_chart_rows.csv:historical_actual:2025Q4; data/current_revenue_outlook/revenue_chart_rows.csv:current_basecase:2026Q1; data/current_revenue_outlook/revenue_chart_rows.csv:current_basecase:2026Q2; MBU26 migration cells AB10; AB12; AB14,source_backed,optimized PHEV RUC km * MBU26 PHEV effective rate,PED__VNEXT_SOLVED_CONVEX_TOP2; dynamic_RESID_GBR_n150_d1_lr0.05_w36; HEAVY_RUC__VNEXT_SOLVED_CONVEX_TOP4,True,Current-finalist FY nowcast (2 actual + 2 forecast),2025Q3; 2025Q4,2026Q1; 2026Q2,2025Q3; 2025Q4; 2026Q1; 2026Q2,False,True,True
phev_ruc_net_revenue,PHEV RUC net revenue,Current finalist High population/comparison,current finalist comparison,in_house_current_finalist,current_finalist_forecast,current_comparison_1,Current planned path,FY2026,2026,21.596881012905833,$m nominal ex GST,future_forecast,current_nowcast,forecast_scenario_comparison.parquet; mbu26_official_annual.csv,data/current_revenue_outlook/revenue_chart_rows.csv:historical_actual:2025Q3; data/current_revenue_outlook/revenue_chart_rows.csv:historical_actual:2025Q4; data/current_revenue_outlook/revenue_chart_rows.csv:current_comparison_1:2026Q1; data/current_revenue_outlook/revenue_chart_rows.csv:current_comparison_1:2026Q2; data/current_revenue_outlook/revenue_chart_rows.csv:historical_actual:2025Q3; data/current_revenue_outlook/revenue_chart_rows.csv:historical_actual:2025Q4; data/current_revenue_outlook/revenue_chart_rows.csv:current_comparison_1:2026Q1; data/current_revenue_outlook/revenue_chart_rows.csv:current_comparison_1:2026Q2; MBU26 migration cells AB10; AB12; AB14,source_backed,optimized PHEV RUC km * MBU26 PHEV effective rate,PED__VNEXT_SOLVED_CONVEX_TOP2; dynamic_RESID_GBR_n150_d1_lr0.05_w36; HEAVY_RUC__VNEXT_SOLVED_CONVEX_TOP4,True,Current-finalist FY nowcast (2 actual + 2 forecast),2025Q3; 2025Q4,2026Q1; 2026Q2,2025Q3; 2025Q4; 2026Q1; 2026Q2,False,True,True
phev_ruc_net_revenue,PHEV RUC net revenue,MBU26 official,MBU26 official,official_external_comparator,mbu26_official,mbu26_official,MBU26,FY2026,2026,21.8403214998817,$m nominal ex GST,official_comparator,mbu26_official_forecast,mbu26_annual_spine.csv,AB37,ST_FORECAST,,,False,official_forecast,,,,False,False,True
phev_ruc_net_revenue,PHEV RUC net revenue,Current finalist Base case,current finalist base,in_house_current_finalist,current_finalist_forecast,current_basecase,Current planned path,FY2027,2027,30.677946150425008,$m nominal ex GST,future_forecast,current_forecast,forecast_scenario_comparison.parquet; mbu26_official_annual.csv,data/current_revenue_outlook/revenue_chart_rows.csv:current_basecase:2026Q3; data/current_revenue_outlook/revenue_chart_rows.csv:current_basecase:2026Q4; data/current_revenue_outlook/revenue_chart_rows.csv:current_basecase:2027Q1; data/current_revenue_outlook/revenue_chart_rows.csv:current_basecase:2027Q2; data/current_revenue_outlook/revenue_chart_rows.csv:current_basecase:2026Q3; data/current_revenue_outlook/revenue_chart_rows.csv:current_basecase:2026Q4; data/current_revenue_outlook/revenue_chart_rows.csv:current_basecase:2027Q1; data/current_revenue_outlook/revenue_chart_rows.csv:current_basecase:2027Q2; MBU26 migration cells AC10; AC12; AC14,source_backed,optimized PHEV RUC km * MBU26 PHEV effective rate,PED__VNEXT_SOLVED_CONVEX_TOP2; dynamic_RESID_GBR_n150_d1_lr0.05_w36; HEAVY_RUC__VNEXT_SOLVED_CONVEX_TOP4,True,current_finalist_forecast,,2026Q3; 2026Q4; 2027Q1; 2027Q2,2026Q3; 2026Q4; 2027Q1; 2027Q2,False,False,True
phev_ruc_net_revenue,PHEV RUC net revenue,Current finalist High population/comparison,current finalist comparison,in_house_current_finalist,current_finalist_forecast,current_comparison_1,Current planned path,FY2027,2027,30.72092830003311,$m nominal ex GST,future_forecast,current_forecast,forecast_scenario_comparison.parquet; mbu26_official_annual.csv,data/current_revenue_outlook/revenue_chart_rows.csv:current_comparison_1:2026Q3; data/current_revenue_outlook/revenue_chart_rows.csv:current_comparison_1:2026Q4; data/current_revenue_outlook/revenue_chart_rows.csv:current_comparison_1:2027Q1; data/current_revenue_outlook/revenue_chart_rows.csv:current_comparison_1:2027Q2; data/current_revenue_outlook/revenue_chart_rows.csv:current_comparison_1:2026Q3; data/current_revenue_outlook/revenue_chart_rows.csv:current_comparison_1:2026Q4; data/current_revenue_outlook/revenue_chart_rows.csv:current_comparison_1:2027Q1; data/current_revenue_outlook/revenue_chart_rows.csv:current_comparison_1:2027Q2; MBU26 migration cells AC10; AC12; AC14,source_backed,optimized PHEV RUC km * MBU26 PHEV effective rate,PED__VNEXT_SOLVED_CONVEX_TOP2; dynamic_RESID_GBR_n150_d1_lr0.05_w36; HEAVY_RUC__VNEXT_SOLVED_CONVEX_TOP4,True,current_finalist_forecast,,2026Q3; 2026Q4; 2027Q1; 2027Q2,2026Q3; 2026Q4; 2027Q1; 2027Q2,False,False,True
phev_ruc_net_revenue,PHEV RUC net revenue,MBU26 official,MBU26 official,official_external_comparator,mbu26_official,mbu26_official,MBU26,FY2027,2027,31.7081862571269,$m nominal ex GST,official_comparator,mbu26_official_forecast,mbu26_annual_spine.csv,AC37,ST_FORECAST,,,False,official_forecast,,,,False,False,True
total_fed_ruc_net_revenue,Total RUC+PED revenue,Actual,Actual,source_actual,actual_benchmark,actual,,FY2024,2024,3792.39727011522,$m nominal ex GST,historical_actual,mbu26_complete_actual_line,row_reconciliation.csv,Z50; Z42,ACTUAL,net_fed_revenue + total_ruc_net_revenue,,False,actual,2023Q3; 2023Q4; 2024Q1; 2024Q2,,2023Q3; 2023Q4; 2024Q1; 2024Q2,False,False,True
total_fed_ruc_net_revenue,Total RUC+PED revenue,Actual,Actual,source_actual,actual_benchmark,actual,,FY2025,2025,3976.8958143478303,$m nominal ex GST,historical_actual,mbu26_complete_actual_line,row_reconciliation.csv,AA50; AA42,ACTUAL,net_fed_revenue + total_ruc_net_revenue,,False,actual,2024Q3; 2024Q4; 2025Q1; 2025Q2,,2024Q3; 2024Q4; 2025Q1; 2025Q2,True,False,True
total_fed_ruc_net_revenue,Total RUC+PED revenue,Current finalist Base case,current finalist base,in_house_current_finalist,current_finalist_forecast,current_basecase,Current planned path,FY2025,2025,3976.8958143478303,$m nominal ex GST,future_forecast,actual_anchor,row_reconciliation.csv,AA50; AA42,ACTUAL,net_fed_revenue + total_ruc_net_revenue,PED__VNEXT_SOLVED_CONVEX_TOP2; dynamic_RESID_GBR_n150_d1_lr0.05_w36; HEAVY_RUC__VNEXT_SOLVED_CONVEX_TOP4,False,Actual anchor,2024Q3; 2024Q4; 2025Q1; 2025Q2,,2024Q3; 2024Q4; 2025Q1; 2025Q2,True,False,True
total_fed_ruc_net_revenue,Total RUC+PED revenue,Current finalist High population/comparison,current finalist comparison,in_house_current_finalist,current_finalist_forecast,current_comparison_1,Current planned path,FY2025,2025,3976.8958143478303,$m nominal ex GST,future_forecast,actual_anchor,row_reconciliation.csv,AA50; AA42,ACTUAL,net_fed_revenue + total_ruc_net_revenue,PED__VNEXT_SOLVED_CONVEX_TOP2; dynamic_RESID_GBR_n150_d1_lr0.05_w36; HEAVY_RUC__VNEXT_SOLVED_CONVEX_TOP4,False,Actual anchor,2024Q3; 2024Q4; 2025Q1; 2025Q2,,2024Q3; 2024Q4; 2025Q1; 2025Q2,True,False,True
total_fed_ruc_net_revenue,Total RUC+PED revenue,Current finalist Base case,current finalist base,in_house_current_finalist,current_finalist_forecast,current_basecase,Current planned path,FY2026,2026,4068.3011171808407,$m nominal ex GST,future_forecast,current_nowcast,current_hybrid_formula,current_revenue_outlook:current_basecase:FY2026,source_backed,net_fed_revenue + total_ruc_net_revenue,PED__VNEXT_SOLVED_CONVEX_TOP2; dynamic_RESID_GBR_n150_d1_lr0.05_w36; HEAVY_RUC__VNEXT_SOLVED_CONVEX_TOP4,False,Current-finalist FY nowcast (2 actual + 2 forecast),2025Q3; 2025Q4,2026Q1; 2026Q2,2025Q3; 2025Q4; 2026Q1; 2026Q2,False,True,True
total_fed_ruc_net_revenue,Total RUC+PED revenue,Current finalist High population/comparison,current finalist comparison,in_house_current_finalist,current_finalist_forecast,current_comparison_1,Current planned path,FY2026,2026,4069.268032240851,$m nominal ex GST,future_forecast,current_nowcast,current_hybrid_formula,current_revenue_outlook:current_comparison_1:FY2026,source_backed,net_fed_revenue + total_ruc_net_revenue,PED__VNEXT_SOLVED_CONVEX_TOP2; dynamic_RESID_GBR_n150_d1_lr0.05_w36; HEAVY_RUC__VNEXT_SOLVED_CONVEX_TOP4,False,Current-finalist FY nowcast (2 actual + 2 forecast),2025Q3; 2025Q4,2026Q1; 2026Q2,2025Q3; 2025Q4; 2026Q1; 2026Q2,False,True,True
total_fed_ruc_net_revenue,Total RUC+PED revenue,MBU26 official,MBU26 official,official_external_comparator,mbu26_official,mbu26_official,MBU26,FY2026,2026,4120.61600894202,$m nominal ex GST,official_comparator,mbu26_official_forecast,row_reconciliation.csv,AB50; AB42,ST_FORECAST,net_fed_revenue + total_ruc_net_revenue,,False,official_forecast,,,,False,False,True
total_fed_ruc_net_revenue,Total RUC+PED revenue,Current finalist Base case,current finalist base,in_house_current_finalist,current_finalist_forecast,current_basecase,Current planned path,FY2027,2027,4338.533515311799,$m nominal ex GST,future_forecast,current_forecast,current_hybrid_formula,current_revenue_outlook:current_basecase:FY2027,source_backed,net_fed_revenue + total_ruc_net_revenue,PED__VNEXT_SOLVED_CONVEX_TOP2; dynamic_RESID_GBR_n150_d1_lr0.05_w36; HEAVY_RUC__VNEXT_SOLVED_CONVEX_TOP4,False,current_finalist_forecast,,2026Q3; 2026Q4; 2027Q1; 2027Q2,2026Q3; 2026Q4; 2027Q1; 2027Q2,False,False,True
total_fed_ruc_net_revenue,Total RUC+PED revenue,Current finalist High population/comparison,current finalist comparison,in_house_current_finalist,current_finalist_forecast,current_comparison_1,Current planned path,FY2027,2027,4345.049354068862,$m nominal ex GST,future_forecast,current_forecast,current_hybrid_formula,current_revenue_outlook:current_comparison_1:FY2027,source_backed,net_fed_revenue + total_ruc_net_revenue,PED__VNEXT_SOLVED_CONVEX_TOP2; dynamic_RESID_GBR_n150_d1_lr0.05_w36; HEAVY_RUC__VNEXT_SOLVED_CONVEX_TOP4,False,current_finalist_forecast,,2026Q3; 2026Q4; 2027Q1; 2027Q2,2026Q3; 2026Q4; 2027Q1; 2027Q2,False,False,True
total_fed_ruc_net_revenue,Total RUC+PED revenue,MBU26 official,MBU26 official,official_external_comparator,mbu26_official,mbu26_official,MBU26,FY2027,2027,4494.5723108443,$m nominal ex GST,official_comparator,mbu26_official_forecast,row_reconciliation.csv,AC50; AC42,ST_FORECAST,net_fed_revenue + total_ruc_net_revenue,,False,official_forecast,,,,False,False,True
total_nltf_net_revenue,Total NLTF revenue,Actual,Actual,source_actual,actual_benchmark,actual,,FY2024,2024,4042.28546184522,$m nominal ex GST,historical_actual,mbu26_complete_actual_line,mbu26_annual_spine.csv,Z70,ACTUAL,total_revenue_net_admin - total_refunds,,False,actual,2023Q3; 2023Q4; 2024Q1; 2024Q2,,2023Q3; 2023Q4; 2024Q1; 2024Q2,False,False,True
total_nltf_net_revenue,Total NLTF revenue,Actual,Actual,source_actual,actual_benchmark,actual,,FY2025,2025,4280.78411583783,$m nominal ex GST,historical_actual,mbu26_complete_actual_line,mbu26_annual_spine.csv,AA70,ACTUAL,total_revenue_net_admin - total_refunds,,False,actual,2024Q3; 2024Q4; 2025Q1; 2025Q2,,2024Q3; 2024Q4; 2025Q1; 2025Q2,True,False,True
total_nltf_net_revenue,Total NLTF revenue,Current finalist Base case,current finalist base,in_house_current_finalist,current_finalist_forecast,current_basecase,Current planned path,FY2025,2025,4280.78411583783,$m nominal ex GST,future_forecast,actual_anchor,mbu26_annual_spine.csv,AA70,ACTUAL,total_revenue_net_admin - total_refunds,PED__VNEXT_SOLVED_CONVEX_TOP2; dynamic_RESID_GBR_n150_d1_lr0.05_w36; HEAVY_RUC__VNEXT_SOLVED_CONVEX_TOP4,False,Actual anchor,2024Q3; 2024Q4; 2025Q1; 2025Q2,,2024Q3; 2024Q4; 2025Q1; 2025Q2,True,False,True
total_nltf_net_revenue,Total NLTF revenue,Current finalist High population/comparison,current finalist comparison,in_house_current_finalist,current_finalist_forecast,current_comparison_1,Current planned path,FY2025,2025,4280.78411583783,$m nominal ex GST,future_forecast,actual_anchor,mbu26_annual_spine.csv,AA70,ACTUAL,total_revenue_net_admin - total_refunds,PED__VNEXT_SOLVED_CONVEX_TOP2; dynamic_RESID_GBR_n150_d1_lr0.05_w36; HEAVY_RUC__VNEXT_SOLVED_CONVEX_TOP4,False,Actual anchor,2024Q3; 2024Q4; 2025Q1; 2025Q2,,2024Q3; 2024Q4; 2025Q1; 2025Q2,True,False,True
total_nltf_net_revenue,Total NLTF revenue,Current finalist Base case,current finalist base,in_house_current_finalist,current_finalist_forecast,current_basecase,Current planned path,FY2026,2026,4510.836388195845,$m nominal ex GST,future_forecast,current_nowcast,current_hybrid_formula,current_revenue_outlook:current_basecase:FY2026,source_backed,total_revenue_net_admin - total_refunds,PED__VNEXT_SOLVED_CONVEX_TOP2; dynamic_RESID_GBR_n150_d1_lr0.05_w36; HEAVY_RUC__VNEXT_SOLVED_CONVEX_TOP4,False,Current-finalist FY nowcast (2 actual + 2 forecast),2025Q3; 2025Q4,2026Q1; 2026Q2,2025Q3; 2025Q4; 2026Q1; 2026Q2,False,True,True
total_nltf_net_revenue,Total NLTF revenue,Current finalist High population/comparison,current finalist comparison,in_house_current_finalist,current_finalist_forecast,current_comparison_1,Current planned path,FY2026,2026,4511.803303255855,$m nominal ex GST,future_forecast,current_nowcast,current_hybrid_formula,current_revenue_outlook:current_comparison_1:FY2026,source_backed,total_revenue_net_admin - total_refunds,PED__VNEXT_SOLVED_CONVEX_TOP2; dynamic_RESID_GBR_n150_d1_lr0.05_w36; HEAVY_RUC__VNEXT_SOLVED_CONVEX_TOP4,False,Current-finalist FY nowcast (2 actual + 2 forecast),2025Q3; 2025Q4,2026Q1; 2026Q2,2025Q3; 2025Q4; 2026Q1; 2026Q2,False,True,True
total_nltf_net_revenue,Total NLTF revenue,MBU26 official,MBU26 official,official_external_comparator,mbu26_official,mbu26_official,MBU26,FY2026,2026,4563.15127995703,$m nominal ex GST,official_comparator,mbu26_official_forecast,mbu26_annual_spine.csv,AB70,ST_FORECAST,total_revenue_net_admin - total_refunds,,False,official_forecast,,,,False,False,True
total_nltf_net_revenue,Total NLTF revenue,Current finalist Base case,current finalist base,in_house_current_finalist,current_finalist_forecast,current_basecase,Current planned path,FY2027,2027,4852.2411671550735,$m nominal ex GST,future_forecast,current_forecast,current_hybrid_formula,current_revenue_outlook:current_basecase:FY2027,source_backed,total_revenue_net_admin - total_refunds,PED__VNEXT_SOLVED_CONVEX_TOP2; dynamic_RESID_GBR_n150_d1_lr0.05_w36; HEAVY_RUC__VNEXT_SOLVED_CONVEX_TOP4,False,current_finalist_forecast,,2026Q3; 2026Q4; 2027Q1; 2027Q2,2026Q3; 2026Q4; 2027Q1; 2027Q2,False,False,True
total_nltf_net_revenue,Total NLTF revenue,Current finalist High population/comparison,current finalist comparison,in_house_current_finalist,current_finalist_forecast,current_comparison_1,Current planned path,FY2027,2027,4858.757005912136,$m nominal ex GST,future_forecast,current_forecast,current_hybrid_formula,current_revenue_outlook:current_comparison_1:FY2027,source_backed,total_revenue_net_admin - total_refunds,PED__VNEXT_SOLVED_CONVEX_TOP2; dynamic_RESID_GBR_n150_d1_lr0.05_w36; HEAVY_RUC__VNEXT_SOLVED_CONVEX_TOP4,False,current_finalist_forecast,,2026Q3; 2026Q4; 2027Q1; 2027Q2,2026Q3; 2026Q4; 2027Q1; 2027Q2,False,False,True
total_nltf_net_revenue,Total NLTF revenue,MBU26 official,MBU26 official,official_external_comparator,mbu26_official,mbu26_official,MBU26,FY2027,2027,5008.27996268758,$m nominal ex GST,official_comparator,mbu26_official_forecast,mbu26_annual_spine.csv,AC70,ST_FORECAST,total_revenue_net_admin - total_refunds,,False,official_forecast,,,,False,False,True
total_ruc_net_revenue,Total RUC all classes,Actual,Actual,source_actual,actual_benchmark,actual,,FY2024,2024,1785.46747506522,$m nominal ex GST,historical_actual,mbu26_complete_actual_line,mbu26_annual_spine.csv,Z42,ACTUAL,ruc_revenue_net_admin - ruc_refunds,,False,actual,2023Q3; 2023Q4; 2024Q1; 2024Q2,,2023Q3; 2023Q4; 2024Q1; 2024Q2,False,False,True
total_ruc_net_revenue,Total RUC all classes,Actual,Actual,source_actual,actual_benchmark,actual,,FY2025,2025,1979.16866774783,$m nominal ex GST,historical_actual,mbu26_complete_actual_line,mbu26_annual_spine.csv,AA42,ACTUAL,ruc_revenue_net_admin - ruc_refunds,,False,actual,2024Q3; 2024Q4; 2025Q1; 2025Q2,,2024Q3; 2024Q4; 2025Q1; 2025Q2,True,False,True
total_ruc_net_revenue,Total RUC all classes,Current finalist Base case,current finalist base,in_house_current_finalist,current_finalist_forecast,current_basecase,Current planned path,FY2025,2025,1979.16866774783,$m nominal ex GST,future_forecast,actual_anchor,mbu26_annual_spine.csv,AA42,ACTUAL,ruc_revenue_net_admin - ruc_refunds,PED__VNEXT_SOLVED_CONVEX_TOP2; dynamic_RESID_GBR_n150_d1_lr0.05_w36; HEAVY_RUC__VNEXT_SOLVED_CONVEX_TOP4,False,Actual anchor,2024Q3; 2024Q4; 2025Q1; 2025Q2,,2024Q3; 2024Q4; 2025Q1; 2025Q2,True,False,True
total_ruc_net_revenue,Total RUC all classes,Current finalist High population/comparison,current finalist comparison,in_house_current_finalist,current_finalist_forecast,current_comparison_1,Current planned path,FY2025,2025,1979.16866774783,$m nominal ex GST,future_forecast,actual_anchor,mbu26_annual_spine.csv,AA42,ACTUAL,ruc_revenue_net_admin - ruc_refunds,PED__VNEXT_SOLVED_CONVEX_TOP2; dynamic_RESID_GBR_n150_d1_lr0.05_w36; HEAVY_RUC__VNEXT_SOLVED_CONVEX_TOP4,False,Actual anchor,2024Q3; 2024Q4; 2025Q1; 2025Q2,,2024Q3; 2024Q4; 2025Q1; 2025Q2,True,False,True
total_ruc_net_revenue,Total RUC all classes,Current finalist Base case,current finalist base,in_house_current_finalist,current_finalist_forecast,current_basecase,Current planned path,FY2026,2026,2049.0867316603453,$m nominal ex GST,future_forecast,current_nowcast,current_hybrid_formula,current_revenue_outlook:current_basecase:FY2026,source_backed,ruc_revenue_net_admin - MBU26 ruc_refunds,PED__VNEXT_SOLVED_CONVEX_TOP2; dynamic_RESID_GBR_n150_d1_lr0.05_w36; HEAVY_RUC__VNEXT_SOLVED_CONVEX_TOP4,False,Current-finalist FY nowcast (2 actual + 2 forecast),2025Q3; 2025Q4,2026Q1; 2026Q2,2025Q3; 2025Q4; 2026Q1; 2026Q2,False,True,True
total_ruc_net_revenue,Total RUC all classes,Current finalist High population/comparison,current finalist comparison,in_house_current_finalist,current_finalist_forecast,current_comparison_1,Current planned path,FY2026,2026,2043.344574511107,$m nominal ex GST,future_forecast,current_nowcast,current_hybrid_formula,current_revenue_outlook:current_comparison_1:FY2026,source_backed,ruc_revenue_net_admin - MBU26 ruc_refunds,PED__VNEXT_SOLVED_CONVEX_TOP2; dynamic_RESID_GBR_n150_d1_lr0.05_w36; HEAVY_RUC__VNEXT_SOLVED_CONVEX_TOP4,False,Current-finalist FY nowcast (2 actual + 2 forecast),2025Q3; 2025Q4,2026Q1; 2026Q2,2025Q3; 2025Q4; 2026Q1; 2026Q2,False,True,True
total_ruc_net_revenue,Total RUC all classes,MBU26 official,MBU26 official,official_external_comparator,mbu26_official,mbu26_official,MBU26,FY2026,2026,2089.05368416013,$m nominal ex GST,official_comparator,mbu26_official_forecast,mbu26_annual_spine.csv,AB42,ST_FORECAST,ruc_revenue_net_admin - ruc_refunds,,False,official_forecast,,,,False,False,True
total_ruc_net_revenue,Total RUC all classes,Current finalist Base case,current finalist base,in_house_current_finalist,current_finalist_forecast,current_basecase,Current planned path,FY2027,2027,2222.5924854649097,$m nominal ex GST,future_forecast,current_forecast,current_hybrid_formula,current_revenue_outlook:current_basecase:FY2027,source_backed,ruc_revenue_net_admin - MBU26 ruc_refunds,PED__VNEXT_SOLVED_CONVEX_TOP2; dynamic_RESID_GBR_n150_d1_lr0.05_w36; HEAVY_RUC__VNEXT_SOLVED_CONVEX_TOP4,False,current_finalist_forecast,,2026Q3; 2026Q4; 2027Q1; 2027Q2,2026Q3; 2026Q4; 2027Q1; 2027Q2,False,False,True
total_ruc_net_revenue,Total RUC all classes,Current finalist High population/comparison,current finalist comparison,in_house_current_finalist,current_finalist_forecast,current_comparison_1,Current planned path,FY2027,2027,2220.7812951027004,$m nominal ex GST,future_forecast,current_forecast,current_hybrid_formula,current_revenue_outlook:current_comparison_1:FY2027,source_backed,ruc_revenue_net_admin - MBU26 ruc_refunds,PED__VNEXT_SOLVED_CONVEX_TOP2; dynamic_RESID_GBR_n150_d1_lr0.05_w36; HEAVY_RUC__VNEXT_SOLVED_CONVEX_TOP4,False,current_finalist_forecast,,2026Q3; 2026Q4; 2027Q1; 2027Q2,2026Q3; 2026Q4; 2027Q1; 2027Q2,False,False,True
total_ruc_net_revenue,Total RUC all classes,MBU26 official,MBU26 official,official_external_comparator,mbu26_official,mbu26_official,MBU26,FY2027,2027,2333.16668739821,$m nominal ex GST,official_comparator,mbu26_official_forecast,mbu26_annual_spine.csv,AC42,ST_FORECAST,ruc_revenue_net_admin - ruc_refunds,,False,official_forecast,,,,False,False,True
