series_id,path,FY,value,unit,source_file,source_status,value_status,quarters_present,actual_quarters,forecast_quarters,model_training_cutoff,revenue_actual_cutoff,last_complete_actual_fy,first_forecast_quarter,last_actual_to_first_forecast_ratio,source_derived_tolerance,discontinuity_flag,nowcast_components,notes
gross_ped_revenue,actual_or_actual_to_date,2024,2033.76913415,$m ex GST,annual_actuals.csv,registered_alias,Actual,2023Q3; 2023Q4; 2024Q1; 2024Q2,2023Q3; 2023Q4; 2024Q1; 2024Q2,,2025Q4,2026Q1,2025,2026Q1,0.2750597077513683,0.15,False,actual: 2023Q3; 2023Q4; 2024Q1; 2024Q2; forecast: none,
gross_ped_revenue,actual_or_actual_to_date,2025,2026.68630478,$m ex GST,annual_actuals.csv,registered_alias,Actual,2024Q3; 2024Q4; 2025Q1; 2025Q2,2024Q3; 2024Q4; 2025Q1; 2025Q2,,2025Q4,2026Q1,2025,2026Q1,0.2750597077513683,0.15,False,actual: 2024Q3; 2024Q4; 2025Q1; 2025Q2; forecast: none,
gross_ped_revenue,actual_or_actual_to_date,2026,1051.08623476,$m ex GST,annual_actuals.csv,registered_alias,Actual,2025Q3; 2025Q4; 2026Q1; 2026Q2,2025Q3; 2025Q4; 2026Q1,,2025Q4,2026Q1,2025,2026Q1,0.2750597077513683,0.15,False,actual: 2025Q3; 2025Q4; 2026Q1; forecast: none,not connected as complete actual; FY2026 is partial actual-to-date only
gross_ped_revenue,actual_or_actual_to_date,2027,,,,,forecast_only,2026Q3; 2026Q4; 2027Q1; 2027Q2,,,2025Q4,2026Q1,2025,2026Q1,0.2750597077513683,0.15,False,actual: none; forecast: none,forecast-only year; no actual value shown
gross_ped_revenue,current_finalist_model,2024,,,,,complete_actual,2023Q3; 2023Q4; 2024Q1; 2024Q2,2023Q3; 2023Q4; 2024Q1; 2024Q2,,2025Q4,2026Q1,2025,2026Q1,0.2750597077513683,0.15,False,actual: 2023Q3; 2023Q4; 2024Q1; 2024Q2; forecast: none,
gross_ped_revenue,current_finalist_model,2025,2026.68630478,$m nominal ex GST,annual_actuals.csv,registered_alias,Actual anchor,2024Q3; 2024Q4; 2025Q1; 2025Q2,2024Q3; 2024Q4; 2025Q1; 2025Q2,,2025Q4,2026Q1,2025,2026Q1,0.2750597077513683,0.15,False,actual: 2024Q3; 2024Q4; 2025Q1; 2025Q2; forecast: none,
gross_ped_revenue,current_finalist_model,2026,557.4597426964873,$m nominal ex GST,data/current_revenue_outlook/revenue_chart_rows.csv; ped_bridge_inputs.csv; fed_rate_paths.csv,source_backed,Current-finalist FY nowcast (2 actual + 2 forecast),2025Q3; 2025Q4; 2026Q1; 2026Q2,2025Q3; 2025Q4,2026Q1; 2026Q2,2025Q4,2026Q1,2025,2026Q1,0.2750597077513683,0.15,True,actual: 2025Q3; 2025Q4; forecast: 2026Q1; 2026Q2,actual-plus-forecast-to-go nowcast where source actual quarters and current forecast quarters both exist
gross_ped_revenue,current_finalist_model,2027,607.069102382843,$m nominal ex GST,data/current_revenue_outlook/revenue_chart_rows.csv; ped_bridge_inputs.csv; fed_rate_paths.csv,source_backed,current_finalist_forecast,2026Q3; 2026Q4; 2027Q1; 2027Q2,,2026Q3; 2026Q4; 2027Q1; 2027Q2,2025Q4,2026Q1,2025,2026Q1,0.2750597077513683,0.15,False,actual: none; forecast: 2026Q3; 2026Q4; 2027Q1; 2027Q2,
heavy_bev_ruc_net_km,actual_or_actual_to_date,2024,0.0,million km,annual_actuals.csv,registered_alias,Actual,2023Q3; 2023Q4; 2024Q1; 2024Q2,2023Q3; 2023Q4; 2024Q1; 2024Q2,,2025Q4,2026Q1,2025,2026Q1,,0.25,False,actual: 2023Q3; 2023Q4; 2024Q1; 2024Q2; forecast: none,
heavy_bev_ruc_net_km,actual_or_actual_to_date,2025,0.0,million km,annual_actuals.csv,registered_alias,Actual,2024Q3; 2024Q4; 2025Q1; 2025Q2,2024Q3; 2024Q4; 2025Q1; 2025Q2,,2025Q4,2026Q1,2025,2026Q1,,0.25,False,actual: 2024Q3; 2024Q4; 2025Q1; 2025Q2; forecast: none,
heavy_bev_ruc_net_km,actual_or_actual_to_date,2026,0.0,million km,annual_actuals.csv,registered_alias,Actual,2025Q3; 2025Q4; 2026Q1; 2026Q2,2025Q3; 2025Q4; 2026Q1,,2025Q4,2026Q1,2025,2026Q1,,0.25,False,actual: 2025Q3; 2025Q4; 2026Q1; forecast: none,not connected as complete actual; FY2026 is partial actual-to-date only
heavy_bev_ruc_net_km,actual_or_actual_to_date,2027,,,,,forecast_only,2026Q3; 2026Q4; 2027Q1; 2027Q2,,,2025Q4,2026Q1,2025,2026Q1,,0.25,False,actual: none; forecast: none,forecast-only year; no actual value shown
heavy_bev_ruc_net_km,current_finalist_model,2024,,,,,complete_actual,2023Q3; 2023Q4; 2024Q1; 2024Q2,2023Q3; 2023Q4; 2024Q1; 2024Q2,,2025Q4,2026Q1,2025,2026Q1,,0.25,False,actual: 2023Q3; 2023Q4; 2024Q1; 2024Q2; forecast: none,
heavy_bev_ruc_net_km,current_finalist_model,2025,,,,,complete_actual,2024Q3; 2024Q4; 2025Q1; 2025Q2,2024Q3; 2024Q4; 2025Q1; 2025Q2,,2025Q4,2026Q1,2025,2026Q1,,0.25,False,actual: 2024Q3; 2024Q4; 2025Q1; 2025Q2; forecast: none,
heavy_bev_ruc_net_km,current_finalist_model,2026,,,,,partial_actual_to_date,2025Q3; 2025Q4; 2026Q1; 2026Q2,2025Q3; 2025Q4; 2026Q1,,2025Q4,2026Q1,2025,2026Q1,,0.25,False,actual: 2025Q3; 2025Q4; 2026Q1; forecast: none,actual-plus-forecast-to-go nowcast where source actual quarters and current forecast quarters both exist
heavy_bev_ruc_net_km,current_finalist_model,2027,,,,,forecast_only,2026Q3; 2026Q4; 2027Q1; 2027Q2,,,2025Q4,2026Q1,2025,2026Q1,,0.25,False,actual: none; forecast: none,
heavy_bev_ruc_net_revenue,actual_or_actual_to_date,2024,,,,,complete_actual,2023Q3; 2023Q4; 2024Q1; 2024Q2,2023Q3; 2023Q4; 2024Q1; 2024Q2,,2025Q4,2026Q1,2025,2026Q1,,0.25,False,actual: 2023Q3; 2023Q4; 2024Q1; 2024Q2; forecast: none,
heavy_bev_ruc_net_revenue,actual_or_actual_to_date,2025,0.0,$m ex GST,annual_actuals.csv,registered,Actual,2024Q3; 2024Q4; 2025Q1; 2025Q2,2024Q3; 2024Q4; 2025Q1; 2025Q2,,2025Q4,2026Q1,2025,2026Q1,,0.25,False,actual: 2024Q3; 2024Q4; 2025Q1; 2025Q2; forecast: none,
heavy_bev_ruc_net_revenue,actual_or_actual_to_date,2026,0.0,$m ex GST,annual_actuals.csv,registered,Actual,2025Q3; 2025Q4; 2026Q1; 2026Q2,2025Q3; 2025Q4; 2026Q1,,2025Q4,2026Q1,2025,2026Q1,,0.25,False,actual: 2025Q3; 2025Q4; 2026Q1; forecast: none,not connected as complete actual; FY2026 is partial actual-to-date only
heavy_bev_ruc_net_revenue,actual_or_actual_to_date,2027,,,,,forecast_only,2026Q3; 2026Q4; 2027Q1; 2027Q2,,,2025Q4,2026Q1,2025,2026Q1,,0.25,False,actual: none; forecast: none,forecast-only year; no actual value shown
heavy_bev_ruc_net_revenue,current_finalist_model,2024,,,,,complete_actual,2023Q3; 2023Q4; 2024Q1; 2024Q2,2023Q3; 2023Q4; 2024Q1; 2024Q2,,2025Q4,2026Q1,2025,2026Q1,,0.25,False,actual: 2023Q3; 2023Q4; 2024Q1; 2024Q2; forecast: none,
heavy_bev_ruc_net_revenue,current_finalist_model,2025,,,,,complete_actual,2024Q3; 2024Q4; 2025Q1; 2025Q2,2024Q3; 2024Q4; 2025Q1; 2025Q2,,2025Q4,2026Q1,2025,2026Q1,,0.25,False,actual: 2024Q3; 2024Q4; 2025Q1; 2025Q2; forecast: none,
heavy_bev_ruc_net_revenue,current_finalist_model,2026,,,,,partial_actual_to_date,2025Q3; 2025Q4; 2026Q1; 2026Q2,2025Q3; 2025Q4; 2026Q1,,2025Q4,2026Q1,2025,2026Q1,,0.25,False,actual: 2025Q3; 2025Q4; 2026Q1; forecast: none,actual-plus-forecast-to-go nowcast where source actual quarters and current forecast quarters both exist
heavy_bev_ruc_net_revenue,current_finalist_model,2027,,,,,forecast_only,2026Q3; 2026Q4; 2027Q1; 2027Q2,,,2025Q4,2026Q1,2025,2026Q1,,0.25,False,actual: none; forecast: none,
heavy_ruc_net_km,actual_or_actual_to_date,2024,3903.861766,million km,annual_actuals.csv,registered,Actual,2023Q3; 2023Q4; 2024Q1; 2024Q2,2023Q3; 2023Q4; 2024Q1; 2024Q2,,2025Q4,2026Q1,2025,2026Q1,1.0158818201925115,0.15,False,actual: 2023Q3; 2023Q4; 2024Q1; 2024Q2; forecast: none,
heavy_ruc_net_km,actual_or_actual_to_date,2025,3981.873439,million km,annual_actuals.csv,registered,Actual,2024Q3; 2024Q4; 2025Q1; 2025Q2,2024Q3; 2024Q4; 2025Q1; 2025Q2,,2025Q4,2026Q1,2025,2026Q1,1.0158818201925115,0.15,False,actual: 2024Q3; 2024Q4; 2025Q1; 2025Q2; forecast: none,
heavy_ruc_net_km,actual_or_actual_to_date,2026,2043.382626,million km,annual_actuals.csv,registered,Actual,2025Q3; 2025Q4; 2026Q1; 2026Q2,2025Q3; 2025Q4; 2026Q1,,2025Q4,2026Q1,2025,2026Q1,1.0158818201925115,0.15,False,actual: 2025Q3; 2025Q4; 2026Q1; forecast: none,not connected as complete actual; FY2026 is partial actual-to-date only
heavy_ruc_net_km,actual_or_actual_to_date,2027,,,,,forecast_only,2026Q3; 2026Q4; 2027Q1; 2027Q2,,,2025Q4,2026Q1,2025,2026Q1,1.0158818201925115,0.15,False,actual: none; forecast: none,forecast-only year; no actual value shown
heavy_ruc_net_km,current_finalist_model,2024,,,,,complete_actual,2023Q3; 2023Q4; 2024Q1; 2024Q2,2023Q3; 2023Q4; 2024Q1; 2024Q2,,2025Q4,2026Q1,2025,2026Q1,1.0158818201925115,0.15,False,actual: 2023Q3; 2023Q4; 2024Q1; 2024Q2; forecast: none,
heavy_ruc_net_km,current_finalist_model,2025,3981.873439,million km,annual_actuals.csv,registered,Actual anchor,2024Q3; 2024Q4; 2025Q1; 2025Q2,2024Q3; 2024Q4; 2025Q1; 2025Q2,,2025Q4,2026Q1,2025,2026Q1,1.0158818201925115,0.15,False,actual: 2024Q3; 2024Q4; 2025Q1; 2025Q2; forecast: none,
heavy_ruc_net_km,current_finalist_model,2026,4045.112836987535,million km,data/current_revenue_outlook/revenue_chart_rows.csv,source_backed,Current-finalist FY nowcast (2 actual + 2 forecast),2025Q3; 2025Q4; 2026Q1; 2026Q2,2025Q3; 2025Q4,2026Q1; 2026Q2,2025Q4,2026Q1,2025,2026Q1,1.0158818201925115,0.15,False,actual: 2025Q3; 2025Q4; forecast: 2026Q1; 2026Q2,actual-plus-forecast-to-go nowcast where source actual quarters and current forecast quarters both exist
heavy_ruc_net_km,current_finalist_model,2027,4100.270092100126,million km,data/current_revenue_outlook/revenue_chart_rows.csv,source_backed,current_finalist_forecast,2026Q3; 2026Q4; 2027Q1; 2027Q2,,2026Q3; 2026Q4; 2027Q1; 2027Q2,2025Q4,2026Q1,2025,2026Q1,1.0158818201925115,0.15,False,actual: none; forecast: 2026Q3; 2026Q4; 2027Q1; 2027Q2,
heavy_ruc_net_revenue,actual_or_actual_to_date,2024,1089.56171388,$m ex GST,annual_actuals.csv,registered_alias,Actual,2023Q3; 2023Q4; 2024Q1; 2024Q2,2023Q3; 2023Q4; 2024Q1; 2024Q2,,2025Q4,2026Q1,2025,2026Q1,0.9864010628447378,0.15,False,actual: 2023Q3; 2023Q4; 2024Q1; 2024Q2; forecast: none,
heavy_ruc_net_revenue,actual_or_actual_to_date,2025,1146.29680501,$m ex GST,annual_actuals.csv,registered_alias,Actual,2024Q3; 2024Q4; 2025Q1; 2025Q2,2024Q3; 2024Q4; 2025Q1; 2025Q2,,2025Q4,2026Q1,2025,2026Q1,0.9864010628447378,0.15,False,actual: 2024Q3; 2024Q4; 2025Q1; 2025Q2; forecast: none,
heavy_ruc_net_revenue,actual_or_actual_to_date,2026,592.6234532899999,$m ex GST,annual_actuals.csv,registered_alias,Actual,2025Q3; 2025Q4; 2026Q1; 2026Q2,2025Q3; 2025Q4; 2026Q1,,2025Q4,2026Q1,2025,2026Q1,0.9864010628447378,0.15,False,actual: 2025Q3; 2025Q4; 2026Q1; forecast: none,not connected as complete actual; FY2026 is partial actual-to-date only
heavy_ruc_net_revenue,actual_or_actual_to_date,2027,,,,,forecast_only,2026Q3; 2026Q4; 2027Q1; 2027Q2,,,2025Q4,2026Q1,2025,2026Q1,0.9864010628447378,0.15,False,actual: none; forecast: none,forecast-only year; no actual value shown
heavy_ruc_net_revenue,current_finalist_model,2024,,,,,complete_actual,2023Q3; 2023Q4; 2024Q1; 2024Q2,2023Q3; 2023Q4; 2024Q1; 2024Q2,,2025Q4,2026Q1,2025,2026Q1,0.9864010628447378,0.15,False,actual: 2023Q3; 2023Q4; 2024Q1; 2024Q2; forecast: none,
heavy_ruc_net_revenue,current_finalist_model,2025,1146.29680501,$m nominal ex GST,annual_actuals.csv,registered_alias,Actual anchor,2024Q3; 2024Q4; 2025Q1; 2025Q2,2024Q3; 2024Q4; 2025Q1; 2025Q2,,2025Q4,2026Q1,2025,2026Q1,0.9864010628447378,0.15,False,actual: 2024Q3; 2024Q4; 2025Q1; 2025Q2; forecast: none,
heavy_ruc_net_revenue,current_finalist_model,2026,1130.7083867973913,$m nominal ex GST,data/current_revenue_outlook/revenue_chart_rows.csv; official_befu25_annual.csv,source_backed,Current-finalist FY nowcast (2 actual + 2 forecast),2025Q3; 2025Q4; 2026Q1; 2026Q2,2025Q3; 2025Q4,2026Q1; 2026Q2,2025Q4,2026Q1,2025,2026Q1,0.9864010628447378,0.15,False,actual: 2025Q3; 2025Q4; forecast: 2026Q1; 2026Q2,actual-plus-forecast-to-go nowcast where source actual quarters and current forecast quarters both exist
heavy_ruc_net_revenue,current_finalist_model,2027,1232.3785326077436,$m nominal ex GST,data/current_revenue_outlook/revenue_chart_rows.csv; official_befu25_annual.csv,source_backed,current_finalist_forecast,2026Q3; 2026Q4; 2027Q1; 2027Q2,,2026Q3; 2026Q4; 2027Q1; 2027Q2,2025Q4,2026Q1,2025,2026Q1,0.9864010628447378,0.15,False,actual: none; forecast: 2026Q3; 2026Q4; 2027Q1; 2027Q2,
light_bev_ruc_net_km,actual_or_actual_to_date,2024,413.518791,million km,annual_actuals.csv,registered_alias,Actual,2023Q3; 2023Q4; 2024Q1; 2024Q2,2023Q3; 2023Q4; 2024Q1; 2024Q2,,2025Q4,2026Q1,2025,2026Q1,,0.75,False,actual: 2023Q3; 2023Q4; 2024Q1; 2024Q2; forecast: none,
light_bev_ruc_net_km,actual_or_actual_to_date,2025,820.641429,million km,annual_actuals.csv,registered_alias,Actual,2024Q3; 2024Q4; 2025Q1; 2025Q2,2024Q3; 2024Q4; 2025Q1; 2025Q2,,2025Q4,2026Q1,2025,2026Q1,,0.75,False,actual: 2024Q3; 2024Q4; 2025Q1; 2025Q2; forecast: none,
light_bev_ruc_net_km,actual_or_actual_to_date,2026,544.953474,million km,annual_actuals.csv,registered_alias,Actual,2025Q3; 2025Q4; 2026Q1; 2026Q2,2025Q3; 2025Q4; 2026Q1,,2025Q4,2026Q1,2025,2026Q1,,0.75,False,actual: 2025Q3; 2025Q4; 2026Q1; forecast: none,not connected as complete actual; FY2026 is partial actual-to-date only
light_bev_ruc_net_km,actual_or_actual_to_date,2027,,,,,forecast_only,2026Q3; 2026Q4; 2027Q1; 2027Q2,,,2025Q4,2026Q1,2025,2026Q1,,0.75,False,actual: none; forecast: none,forecast-only year; no actual value shown
light_bev_ruc_net_km,current_finalist_model,2024,,,,,complete_actual,2023Q3; 2023Q4; 2024Q1; 2024Q2,2023Q3; 2023Q4; 2024Q1; 2024Q2,,2025Q4,2026Q1,2025,2026Q1,,0.75,False,actual: 2023Q3; 2023Q4; 2024Q1; 2024Q2; forecast: none,
light_bev_ruc_net_km,current_finalist_model,2025,,,,,complete_actual,2024Q3; 2024Q4; 2025Q1; 2025Q2,2024Q3; 2024Q4; 2025Q1; 2025Q2,,2025Q4,2026Q1,2025,2026Q1,,0.75,False,actual: 2024Q3; 2024Q4; 2025Q1; 2025Q2; forecast: none,
light_bev_ruc_net_km,current_finalist_model,2026,,,,,partial_actual_to_date,2025Q3; 2025Q4; 2026Q1; 2026Q2,2025Q3; 2025Q4; 2026Q1,,2025Q4,2026Q1,2025,2026Q1,,0.75,False,actual: 2025Q3; 2025Q4; 2026Q1; forecast: none,actual-plus-forecast-to-go nowcast where source actual quarters and current forecast quarters both exist
light_bev_ruc_net_km,current_finalist_model,2027,,,,,forecast_only,2026Q3; 2026Q4; 2027Q1; 2027Q2,,,2025Q4,2026Q1,2025,2026Q1,,0.75,False,actual: none; forecast: none,
light_bev_ruc_net_revenue,actual_or_actual_to_date,2024,27.17009431304352,$m ex GST,annual_actuals.csv,registered,Actual,2023Q3; 2023Q4; 2024Q1; 2024Q2,2023Q3; 2023Q4; 2024Q1; 2024Q2,,2025Q4,2026Q1,2025,2026Q1,,0.75,False,actual: 2023Q3; 2023Q4; 2024Q1; 2024Q2; forecast: none,
light_bev_ruc_net_revenue,actual_or_actual_to_date,2025,51.47360806956523,$m ex GST,annual_actuals.csv,registered,Actual,2024Q3; 2024Q4; 2025Q1; 2025Q2,2024Q3; 2024Q4; 2025Q1; 2025Q2,,2025Q4,2026Q1,2025,2026Q1,,0.75,False,actual: 2024Q3; 2024Q4; 2025Q1; 2025Q2; forecast: none,
light_bev_ruc_net_revenue,actual_or_actual_to_date,2026,34.01967200869566,$m ex GST,annual_actuals.csv,registered,Actual,2025Q3; 2025Q4; 2026Q1; 2026Q2,2025Q3; 2025Q4; 2026Q1,,2025Q4,2026Q1,2025,2026Q1,,0.75,False,actual: 2025Q3; 2025Q4; 2026Q1; forecast: none,not connected as complete actual; FY2026 is partial actual-to-date only
light_bev_ruc_net_revenue,actual_or_actual_to_date,2027,,,,,forecast_only,2026Q3; 2026Q4; 2027Q1; 2027Q2,,,2025Q4,2026Q1,2025,2026Q1,,0.75,False,actual: none; forecast: none,forecast-only year; no actual value shown
light_bev_ruc_net_revenue,current_finalist_model,2024,,,,,complete_actual,2023Q3; 2023Q4; 2024Q1; 2024Q2,2023Q3; 2023Q4; 2024Q1; 2024Q2,,2025Q4,2026Q1,2025,2026Q1,,0.75,False,actual: 2023Q3; 2023Q4; 2024Q1; 2024Q2; forecast: none,
light_bev_ruc_net_revenue,current_finalist_model,2025,,,,,complete_actual,2024Q3; 2024Q4; 2025Q1; 2025Q2,2024Q3; 2024Q4; 2025Q1; 2025Q2,,2025Q4,2026Q1,2025,2026Q1,,0.75,False,actual: 2024Q3; 2024Q4; 2025Q1; 2025Q2; forecast: none,
light_bev_ruc_net_revenue,current_finalist_model,2026,,,,,partial_actual_to_date,2025Q3; 2025Q4; 2026Q1; 2026Q2,2025Q3; 2025Q4; 2026Q1,,2025Q4,2026Q1,2025,2026Q1,,0.75,False,actual: 2025Q3; 2025Q4; 2026Q1; forecast: none,actual-plus-forecast-to-go nowcast where source actual quarters and current forecast quarters both exist
light_bev_ruc_net_revenue,current_finalist_model,2027,,,,,forecast_only,2026Q3; 2026Q4; 2027Q1; 2027Q2,,,2025Q4,2026Q1,2025,2026Q1,,0.75,False,actual: none; forecast: none,
light_ruc_net_km,actual_or_actual_to_date,2024,10355.550659,million km,annual_actuals.csv,registered,Actual,2023Q3; 2023Q4; 2024Q1; 2024Q2,2023Q3; 2023Q4; 2024Q1; 2024Q2,,2025Q4,2026Q1,2025,2026Q1,1.0557553782279825,0.37051302749075754,False,actual: 2023Q3; 2023Q4; 2024Q1; 2024Q2; forecast: none,
light_ruc_net_km,actual_or_actual_to_date,2025,12273.983872,million km,annual_actuals.csv,registered,Actual,2024Q3; 2024Q4; 2025Q1; 2025Q2,2024Q3; 2024Q4; 2025Q1; 2025Q2,,2025Q4,2026Q1,2025,2026Q1,1.0557553782279825,0.37051302749075754,False,actual: 2024Q3; 2024Q4; 2025Q1; 2025Q2; forecast: none,
light_ruc_net_km,actual_or_actual_to_date,2026,6430.924246,million km,annual_actuals.csv,registered,Actual,2025Q3; 2025Q4; 2026Q1; 2026Q2,2025Q3; 2025Q4; 2026Q1,,2025Q4,2026Q1,2025,2026Q1,1.0557553782279825,0.37051302749075754,False,actual: 2025Q3; 2025Q4; 2026Q1; forecast: none,not connected as complete actual; FY2026 is partial actual-to-date only
light_ruc_net_km,actual_or_actual_to_date,2027,,,,,forecast_only,2026Q3; 2026Q4; 2027Q1; 2027Q2,,,2025Q4,2026Q1,2025,2026Q1,1.0557553782279825,0.37051302749075754,False,actual: none; forecast: none,forecast-only year; no actual value shown
light_ruc_net_km,current_finalist_model,2024,,,,,complete_actual,2023Q3; 2023Q4; 2024Q1; 2024Q2,2023Q3; 2023Q4; 2024Q1; 2024Q2,,2025Q4,2026Q1,2025,2026Q1,1.0557553782279825,0.37051302749075754,False,actual: 2023Q3; 2023Q4; 2024Q1; 2024Q2; forecast: none,
light_ruc_net_km,current_finalist_model,2025,12273.983872,million km,annual_actuals.csv,registered,Actual anchor,2024Q3; 2024Q4; 2025Q1; 2025Q2,2024Q3; 2024Q4; 2025Q1; 2025Q2,,2025Q4,2026Q1,2025,2026Q1,1.0557553782279825,0.37051302749075754,False,actual: 2024Q3; 2024Q4; 2025Q1; 2025Q2; forecast: none,
light_ruc_net_km,current_finalist_model,2026,12958.324485147517,million km,data/current_revenue_outlook/revenue_chart_rows.csv,source_backed,Current-finalist FY nowcast (2 actual + 2 forecast),2025Q3; 2025Q4; 2026Q1; 2026Q2,2025Q3; 2025Q4,2026Q1; 2026Q2,2025Q4,2026Q1,2025,2026Q1,1.0557553782279825,0.37051302749075754,False,actual: 2025Q3; 2025Q4; forecast: 2026Q1; 2026Q2,actual-plus-forecast-to-go nowcast where source actual quarters and current forecast quarters both exist
light_ruc_net_km,current_finalist_model,2027,12661.931159526843,million km,data/current_revenue_outlook/revenue_chart_rows.csv,source_backed,current_finalist_forecast,2026Q3; 2026Q4; 2027Q1; 2027Q2,,2026Q3; 2026Q4; 2027Q1; 2027Q2,2025Q4,2026Q1,2025,2026Q1,1.0557553782279825,0.37051302749075754,False,actual: none; forecast: 2026Q3; 2026Q4; 2027Q1; 2027Q2,
light_ruc_net_revenue,actual_or_actual_to_date,2024,689.7409352260869,$m ex GST,annual_actuals.csv,registered_alias,Actual,2023Q3; 2023Q4; 2024Q1; 2024Q2,2023Q3; 2023Q4; 2024Q1; 2024Q2,,2025Q4,2026Q1,2025,2026Q1,1.1367628503256886,0.24079358833900644,False,actual: 2023Q3; 2023Q4; 2024Q1; 2024Q2; forecast: none,
light_ruc_net_revenue,actual_or_actual_to_date,2025,772.7835326347827,$m ex GST,annual_actuals.csv,registered_alias,Actual,2024Q3; 2024Q4; 2025Q1; 2025Q2,2024Q3; 2024Q4; 2025Q1; 2025Q2,,2025Q4,2026Q1,2025,2026Q1,1.1367628503256886,0.24079358833900644,False,actual: 2024Q3; 2024Q4; 2025Q1; 2025Q2; forecast: none,
light_ruc_net_revenue,actual_or_actual_to_date,2026,404.1757696086956,$m ex GST,annual_actuals.csv,registered_alias,Actual,2025Q3; 2025Q4; 2026Q1; 2026Q2,2025Q3; 2025Q4; 2026Q1,,2025Q4,2026Q1,2025,2026Q1,1.1367628503256886,0.24079358833900644,False,actual: 2025Q3; 2025Q4; 2026Q1; forecast: none,not connected as complete actual; FY2026 is partial actual-to-date only
light_ruc_net_revenue,actual_or_actual_to_date,2027,,,,,forecast_only,2026Q3; 2026Q4; 2027Q1; 2027Q2,,,2025Q4,2026Q1,2025,2026Q1,1.1367628503256886,0.24079358833900644,False,actual: none; forecast: none,forecast-only year; no actual value shown
light_ruc_net_revenue,current_finalist_model,2024,,,,,complete_actual,2023Q3; 2023Q4; 2024Q1; 2024Q2,2023Q3; 2023Q4; 2024Q1; 2024Q2,,2025Q4,2026Q1,2025,2026Q1,1.1367628503256886,0.24079358833900644,False,actual: 2023Q3; 2023Q4; 2024Q1; 2024Q2; forecast: none,
light_ruc_net_revenue,current_finalist_model,2025,772.7835326347827,$m nominal ex GST,annual_actuals.csv,registered_alias,Actual anchor,2024Q3; 2024Q4; 2025Q1; 2025Q2,2024Q3; 2024Q4; 2025Q1; 2025Q2,,2025Q4,2026Q1,2025,2026Q1,1.1367628503256886,0.24079358833900644,False,actual: 2024Q3; 2024Q4; 2025Q1; 2025Q2; forecast: none,
light_ruc_net_revenue,current_finalist_model,2026,878.4716112426703,$m nominal ex GST,data/current_revenue_outlook/revenue_chart_rows.csv; official_befu25_annual.csv,source_backed,Current-finalist FY nowcast (2 actual + 2 forecast),2025Q3; 2025Q4; 2026Q1; 2026Q2,2025Q3; 2025Q4,2026Q1; 2026Q2,2025Q4,2026Q1,2025,2026Q1,1.1367628503256886,0.24079358833900644,False,actual: 2025Q3; 2025Q4; forecast: 2026Q1; 2026Q2,actual-plus-forecast-to-go nowcast where source actual quarters and current forecast quarters both exist
light_ruc_net_revenue,current_finalist_model,2027,923.6996381549542,$m nominal ex GST,data/current_revenue_outlook/revenue_chart_rows.csv; official_befu25_annual.csv,source_backed,current_finalist_forecast,2026Q3; 2026Q4; 2027Q1; 2027Q2,,2026Q3; 2026Q4; 2027Q1; 2027Q2,2025Q4,2026Q1,2025,2026Q1,1.1367628503256886,0.24079358833900644,False,actual: none; forecast: 2026Q3; 2026Q4; 2027Q1; 2027Q2,
net_fed_revenue,actual_or_actual_to_date,2024,2006.92979505,$m ex GST,annual_actuals.csv,registered,Actual,2023Q3; 2023Q4; 2024Q1; 2024Q2,2023Q3; 2023Q4; 2024Q1; 2024Q2,,2025Q4,2026Q1,2025,2026Q1,0.2626854138601359,0.15,False,actual: 2023Q3; 2023Q4; 2024Q1; 2024Q2; forecast: none,
net_fed_revenue,actual_or_actual_to_date,2025,1997.7271466,$m ex GST,annual_actuals.csv,registered,Actual,2024Q3; 2024Q4; 2025Q1; 2025Q2,2024Q3; 2024Q4; 2025Q1; 2025Q2,,2025Q4,2026Q1,2025,2026Q1,0.2626854138601359,0.15,False,actual: 2024Q3; 2024Q4; 2025Q1; 2025Q2; forecast: none,
net_fed_revenue,actual_or_actual_to_date,2026,1036.98212888,$m ex GST,annual_actuals.csv,registered,Actual,2025Q3; 2025Q4; 2026Q1; 2026Q2,2025Q3; 2025Q4; 2026Q1,,2025Q4,2026Q1,2025,2026Q1,0.2626854138601359,0.15,False,actual: 2025Q3; 2025Q4; 2026Q1; forecast: none,not connected as complete actual; FY2026 is partial actual-to-date only
net_fed_revenue,actual_or_actual_to_date,2027,,,,,forecast_only,2026Q3; 2026Q4; 2027Q1; 2027Q2,,,2025Q4,2026Q1,2025,2026Q1,0.2626854138601359,0.15,False,actual: none; forecast: none,forecast-only year; no actual value shown
net_fed_revenue,current_finalist_model,2024,,,,,complete_actual,2023Q3; 2023Q4; 2024Q1; 2024Q2,2023Q3; 2023Q4; 2024Q1; 2024Q2,,2025Q4,2026Q1,2025,2026Q1,0.2626854138601359,0.15,False,actual: 2023Q3; 2023Q4; 2024Q1; 2024Q2; forecast: none,
net_fed_revenue,current_finalist_model,2025,1997.7271466,$m nominal ex GST,annual_actuals.csv,registered,Actual anchor,2024Q3; 2024Q4; 2025Q1; 2025Q2,2024Q3; 2024Q4; 2025Q1; 2025Q2,,2025Q4,2026Q1,2025,2026Q1,0.2626854138601359,0.15,False,actual: 2024Q3; 2024Q4; 2025Q1; 2025Q2; forecast: none,
net_fed_revenue,current_finalist_model,2026,524.7737822842494,$m nominal ex GST,current_hybrid_formula,source_backed,Current-finalist FY nowcast (2 actual + 2 forecast),2025Q3; 2025Q4; 2026Q1; 2026Q2,2025Q3; 2025Q4,2026Q1; 2026Q2,2025Q4,2026Q1,2025,2026Q1,0.2626854138601359,0.15,True,actual: 2025Q3; 2025Q4; forecast: 2026Q1; 2026Q2,actual-plus-forecast-to-go nowcast where source actual quarters and current forecast quarters both exist
net_fed_revenue,current_finalist_model,2027,568.322037056937,$m nominal ex GST,current_hybrid_formula,source_backed,current_finalist_forecast,2026Q3; 2026Q4; 2027Q1; 2027Q2,,2026Q3; 2026Q4; 2027Q1; 2027Q2,2025Q4,2026Q1,2025,2026Q1,0.2626854138601359,0.15,False,actual: none; forecast: 2026Q3; 2026Q4; 2027Q1; 2027Q2,
net_mvr_revenue,actual_or_actual_to_date,2024,296.5418137473913,$m ex GST,annual_actuals.csv,registered_alias,Actual,2023Q3; 2023Q4; 2024Q1; 2024Q2,2023Q3; 2023Q4; 2024Q1; 2024Q2,,2025Q4,2026Q1,2025,2026Q1,1.2881725330301241,0.4252444979077139,False,actual: 2023Q3; 2023Q4; 2024Q1; 2024Q2; forecast: none,
net_mvr_revenue,actual_or_actual_to_date,2025,359.5932010952174,$m ex GST,annual_actuals.csv,registered_alias,Actual,2024Q3; 2024Q4; 2025Q1; 2025Q2,2024Q3; 2024Q4; 2025Q1; 2025Q2,,2025Q4,2026Q1,2025,2026Q1,1.2881725330301241,0.4252444979077139,False,actual: 2024Q3; 2024Q4; 2025Q1; 2025Q2; forecast: none,
net_mvr_revenue,actual_or_actual_to_date,2026,218.7572274234783,$m ex GST,annual_actuals.csv,registered_alias,Actual,2025Q3; 2025Q4; 2026Q1; 2026Q2,2025Q3; 2025Q4; 2026Q1,,2025Q4,2026Q1,2025,2026Q1,1.2881725330301241,0.4252444979077139,False,actual: 2025Q3; 2025Q4; 2026Q1; forecast: none,not connected as complete actual; FY2026 is partial actual-to-date only
net_mvr_revenue,actual_or_actual_to_date,2027,,,,,forecast_only,2026Q3; 2026Q4; 2027Q1; 2027Q2,,,2025Q4,2026Q1,2025,2026Q1,1.2881725330301241,0.4252444979077139,False,actual: none; forecast: none,forecast-only year; no actual value shown
net_mvr_revenue,current_finalist_model,2024,,,,,complete_actual,2023Q3; 2023Q4; 2024Q1; 2024Q2,2023Q3; 2023Q4; 2024Q1; 2024Q2,,2025Q4,2026Q1,2025,2026Q1,1.2881725330301241,0.4252444979077139,False,actual: 2023Q3; 2023Q4; 2024Q1; 2024Q2; forecast: none,
net_mvr_revenue,current_finalist_model,2025,359.5932010952174,$m nominal ex GST,annual_actuals.csv,registered_alias,Actual anchor,2024Q3; 2024Q4; 2025Q1; 2025Q2,2024Q3; 2024Q4; 2025Q1; 2025Q2,,2025Q4,2026Q1,2025,2026Q1,1.2881725330301241,0.4252444979077139,False,actual: 2024Q3; 2024Q4; 2025Q1; 2025Q2; forecast: none,
net_mvr_revenue,current_finalist_model,2026,463.218084715237,$m nominal ex GST,official_befu25_annual.csv,source_backed,Current-finalist FY nowcast (2 actual + 2 forecast),2025Q3; 2025Q4; 2026Q1; 2026Q2,2025Q3; 2025Q4,2026Q1; 2026Q2,2025Q4,2026Q1,2025,2026Q1,1.2881725330301241,0.4252444979077139,False,actual: 2025Q3; 2025Q4; forecast: 2026Q1; 2026Q2,actual-plus-forecast-to-go nowcast where source actual quarters and current forecast quarters both exist
net_mvr_revenue,current_finalist_model,2027,536.218643981628,$m nominal ex GST,official_befu25_annual.csv,source_backed,current_finalist_forecast,2026Q3; 2026Q4; 2027Q1; 2027Q2,,2026Q3; 2026Q4; 2027Q1; 2027Q2,2025Q4,2026Q1,2025,2026Q1,1.2881725330301241,0.4252444979077139,False,actual: none; forecast: 2026Q3; 2026Q4; 2027Q1; 2027Q2,
ped_vkt_per_capita,actual_or_actual_to_date,2024,,,,,complete_actual,2023Q3; 2023Q4; 2024Q1; 2024Q2,2023Q3; 2023Q4; 2024Q1; 2024Q2,,2025Q4,2026Q1,2025,2026Q1,,0.25,False,actual: 2023Q3; 2023Q4; 2024Q1; 2024Q2; forecast: none,
ped_vkt_per_capita,actual_or_actual_to_date,2025,,,,,complete_actual,2024Q3; 2024Q4; 2025Q1; 2025Q2,2024Q3; 2024Q4; 2025Q1; 2025Q2,,2025Q4,2026Q1,2025,2026Q1,,0.25,False,actual: 2024Q3; 2024Q4; 2025Q1; 2025Q2; forecast: none,
ped_vkt_per_capita,actual_or_actual_to_date,2026,,,,,partial_actual_to_date,2025Q3; 2025Q4; 2026Q1; 2026Q2,2025Q3; 2025Q4; 2026Q1,,2025Q4,2026Q1,2025,2026Q1,,0.25,False,actual: 2025Q3; 2025Q4; 2026Q1; forecast: none,not connected as complete actual; FY2026 is partial actual-to-date only
ped_vkt_per_capita,actual_or_actual_to_date,2027,,,,,forecast_only,2026Q3; 2026Q4; 2027Q1; 2027Q2,,,2025Q4,2026Q1,2025,2026Q1,,0.25,False,actual: none; forecast: none,forecast-only year; no actual value shown
ped_vkt_per_capita,current_finalist_model,2024,,,,,complete_actual,2023Q3; 2023Q4; 2024Q1; 2024Q2,2023Q3; 2023Q4; 2024Q1; 2024Q2,,2025Q4,2026Q1,2025,2026Q1,,0.25,False,actual: 2023Q3; 2023Q4; 2024Q1; 2024Q2; forecast: none,
ped_vkt_per_capita,current_finalist_model,2025,1492.2554028144727,km/person,data/current_revenue_outlook/revenue_chart_rows.csv,source_backed,Actual anchor,2024Q3; 2024Q4; 2025Q1; 2025Q2,2024Q3; 2024Q4; 2025Q1; 2025Q2,,2025Q4,2026Q1,2025,2026Q1,,0.25,False,actual: 2024Q3; 2024Q4; 2025Q1; 2025Q2; forecast: none,
ped_vkt_per_capita,current_finalist_model,2026,1542.3783473835922,km/person,data/current_revenue_outlook/revenue_chart_rows.csv,source_backed,Current-finalist FY nowcast (2 actual + 2 forecast),2025Q3; 2025Q4; 2026Q1; 2026Q2,2025Q3; 2025Q4,2026Q1; 2026Q2,2025Q4,2026Q1,2025,2026Q1,,0.25,False,actual: 2025Q3; 2025Q4; forecast: 2026Q1; 2026Q2,actual-plus-forecast-to-go nowcast where source actual quarters and current forecast quarters both exist
ped_vkt_per_capita,current_finalist_model,2027,1535.2521136610806,km/person,data/current_revenue_outlook/revenue_chart_rows.csv,source_backed,current_finalist_forecast,2026Q3; 2026Q4; 2027Q1; 2027Q2,,2026Q3; 2026Q4; 2027Q1; 2027Q2,2025Q4,2026Q1,2025,2026Q1,,0.25,False,actual: none; forecast: 2026Q3; 2026Q4; 2027Q1; 2027Q2,
ped_volume,actual_or_actual_to_date,2024,,,,,complete_actual,2023Q3; 2023Q4; 2024Q1; 2024Q2,2023Q3; 2023Q4; 2024Q1; 2024Q2,,2025Q4,2026Q1,2025,2026Q1,,0.25,False,actual: 2023Q3; 2023Q4; 2024Q1; 2024Q2; forecast: none,
ped_volume,actual_or_actual_to_date,2025,,,,,complete_actual,2024Q3; 2024Q4; 2025Q1; 2025Q2,2024Q3; 2024Q4; 2025Q1; 2025Q2,,2025Q4,2026Q1,2025,2026Q1,,0.25,False,actual: 2024Q3; 2024Q4; 2025Q1; 2025Q2; forecast: none,
ped_volume,actual_or_actual_to_date,2026,,,,,partial_actual_to_date,2025Q3; 2025Q4; 2026Q1; 2026Q2,2025Q3; 2025Q4; 2026Q1,,2025Q4,2026Q1,2025,2026Q1,,0.25,False,actual: 2025Q3; 2025Q4; 2026Q1; forecast: none,not connected as complete actual; FY2026 is partial actual-to-date only
ped_volume,actual_or_actual_to_date,2027,,,,,forecast_only,2026Q3; 2026Q4; 2027Q1; 2027Q2,,,2025Q4,2026Q1,2025,2026Q1,,0.25,False,actual: none; forecast: none,forecast-only year; no actual value shown
ped_volume,current_finalist_model,2024,,,,,complete_actual,2023Q3; 2023Q4; 2024Q1; 2024Q2,2023Q3; 2023Q4; 2024Q1; 2024Q2,,2025Q4,2026Q1,2025,2026Q1,,0.25,False,actual: 2023Q3; 2023Q4; 2024Q1; 2024Q2; forecast: none,
ped_volume,current_finalist_model,2025,,,,,complete_actual,2024Q3; 2024Q4; 2025Q1; 2025Q2,2024Q3; 2024Q4; 2025Q1; 2025Q2,,2025Q4,2026Q1,2025,2026Q1,,0.25,False,actual: 2024Q3; 2024Q4; 2025Q1; 2025Q2; forecast: none,
ped_volume,current_finalist_model,2026,,,,,partial_actual_to_date,2025Q3; 2025Q4; 2026Q1; 2026Q2,2025Q3; 2025Q4; 2026Q1,,2025Q4,2026Q1,2025,2026Q1,,0.25,False,actual: 2025Q3; 2025Q4; 2026Q1; forecast: none,actual-plus-forecast-to-go nowcast where source actual quarters and current forecast quarters both exist
ped_volume,current_finalist_model,2027,,,,,forecast_only,2026Q3; 2026Q4; 2027Q1; 2027Q2,,,2025Q4,2026Q1,2025,2026Q1,,0.25,False,actual: none; forecast: none,
phev_ruc_net_km,actual_or_actual_to_date,2024,194.94237,million km,annual_actuals.csv,registered_alias,Actual,2023Q3; 2023Q4; 2024Q1; 2024Q2,2023Q3; 2023Q4; 2024Q1; 2024Q2,,2025Q4,2026Q1,2025,2026Q1,,0.75,False,actual: 2023Q3; 2023Q4; 2024Q1; 2024Q2; forecast: none,
phev_ruc_net_km,actual_or_actual_to_date,2025,435.117435,million km,annual_actuals.csv,registered_alias,Actual,2024Q3; 2024Q4; 2025Q1; 2025Q2,2024Q3; 2024Q4; 2025Q1; 2025Q2,,2025Q4,2026Q1,2025,2026Q1,,0.75,False,actual: 2024Q3; 2024Q4; 2025Q1; 2025Q2; forecast: none,
phev_ruc_net_km,actual_or_actual_to_date,2026,279.621995,million km,annual_actuals.csv,registered_alias,Actual,2025Q3; 2025Q4; 2026Q1; 2026Q2,2025Q3; 2025Q4; 2026Q1,,2025Q4,2026Q1,2025,2026Q1,,0.75,False,actual: 2025Q3; 2025Q4; 2026Q1; forecast: none,not connected as complete actual; FY2026 is partial actual-to-date only
phev_ruc_net_km,actual_or_actual_to_date,2027,,,,,forecast_only,2026Q3; 2026Q4; 2027Q1; 2027Q2,,,2025Q4,2026Q1,2025,2026Q1,,0.75,False,actual: none; forecast: none,forecast-only year; no actual value shown
phev_ruc_net_km,current_finalist_model,2024,,,,,complete_actual,2023Q3; 2023Q4; 2024Q1; 2024Q2,2023Q3; 2023Q4; 2024Q1; 2024Q2,,2025Q4,2026Q1,2025,2026Q1,,0.75,False,actual: 2023Q3; 2023Q4; 2024Q1; 2024Q2; forecast: none,
phev_ruc_net_km,current_finalist_model,2025,,,,,complete_actual,2024Q3; 2024Q4; 2025Q1; 2025Q2,2024Q3; 2024Q4; 2025Q1; 2025Q2,,2025Q4,2026Q1,2025,2026Q1,,0.75,False,actual: 2024Q3; 2024Q4; 2025Q1; 2025Q2; forecast: none,
phev_ruc_net_km,current_finalist_model,2026,,,,,partial_actual_to_date,2025Q3; 2025Q4; 2026Q1; 2026Q2,2025Q3; 2025Q4; 2026Q1,,2025Q4,2026Q1,2025,2026Q1,,0.75,False,actual: 2025Q3; 2025Q4; 2026Q1; forecast: none,actual-plus-forecast-to-go nowcast where source actual quarters and current forecast quarters both exist
phev_ruc_net_km,current_finalist_model,2027,,,,,forecast_only,2026Q3; 2026Q4; 2027Q1; 2027Q2,,,2025Q4,2026Q1,2025,2026Q1,,0.75,False,actual: none; forecast: none,
phev_ruc_net_revenue,actual_or_actual_to_date,2024,6.460867695652169,$m ex GST,annual_actuals.csv,registered,Actual,2023Q3; 2023Q4; 2024Q1; 2024Q2,2023Q3; 2023Q4; 2024Q1; 2024Q2,,2025Q4,2026Q1,2025,2026Q1,,0.75,False,actual: 2023Q3; 2023Q4; 2024Q1; 2024Q2; forecast: none,
phev_ruc_net_revenue,actual_or_actual_to_date,2025,13.28056079999999,$m ex GST,annual_actuals.csv,registered,Actual,2024Q3; 2024Q4; 2025Q1; 2025Q2,2024Q3; 2024Q4; 2025Q1; 2025Q2,,2025Q4,2026Q1,2025,2026Q1,,0.75,False,actual: 2024Q3; 2024Q4; 2025Q1; 2025Q2; forecast: none,
phev_ruc_net_revenue,actual_or_actual_to_date,2026,8.687195252173908,$m ex GST,annual_actuals.csv,registered,Actual,2025Q3; 2025Q4; 2026Q1; 2026Q2,2025Q3; 2025Q4; 2026Q1,,2025Q4,2026Q1,2025,2026Q1,,0.75,False,actual: 2025Q3; 2025Q4; 2026Q1; forecast: none,not connected as complete actual; FY2026 is partial actual-to-date only
phev_ruc_net_revenue,actual_or_actual_to_date,2027,,,,,forecast_only,2026Q3; 2026Q4; 2027Q1; 2027Q2,,,2025Q4,2026Q1,2025,2026Q1,,0.75,False,actual: none; forecast: none,forecast-only year; no actual value shown
phev_ruc_net_revenue,current_finalist_model,2024,,,,,complete_actual,2023Q3; 2023Q4; 2024Q1; 2024Q2,2023Q3; 2023Q4; 2024Q1; 2024Q2,,2025Q4,2026Q1,2025,2026Q1,,0.75,False,actual: 2023Q3; 2023Q4; 2024Q1; 2024Q2; forecast: none,
phev_ruc_net_revenue,current_finalist_model,2025,,,,,complete_actual,2024Q3; 2024Q4; 2025Q1; 2025Q2,2024Q3; 2024Q4; 2025Q1; 2025Q2,,2025Q4,2026Q1,2025,2026Q1,,0.75,False,actual: 2024Q3; 2024Q4; 2025Q1; 2025Q2; forecast: none,
phev_ruc_net_revenue,current_finalist_model,2026,,,,,partial_actual_to_date,2025Q3; 2025Q4; 2026Q1; 2026Q2,2025Q3; 2025Q4; 2026Q1,,2025Q4,2026Q1,2025,2026Q1,,0.75,False,actual: 2025Q3; 2025Q4; 2026Q1; forecast: none,actual-plus-forecast-to-go nowcast where source actual quarters and current forecast quarters both exist
phev_ruc_net_revenue,current_finalist_model,2027,,,,,forecast_only,2026Q3; 2026Q4; 2027Q1; 2027Q2,,,2025Q4,2026Q1,2025,2026Q1,,0.75,False,actual: none; forecast: none,
ruc_admin_revenue,actual_or_actual_to_date,2024,24.25519492608696,$m ex GST,annual_actuals.csv,registered,Actual,2023Q3; 2023Q4; 2024Q1; 2024Q2,2023Q3; 2023Q4; 2024Q1; 2024Q2,,2025Q4,2026Q1,2025,2026Q1,,0.6605325704862768,False,actual: 2023Q3; 2023Q4; 2024Q1; 2024Q2; forecast: none,
ruc_admin_revenue,actual_or_actual_to_date,2025,32.26586805217392,$m ex GST,annual_actuals.csv,registered,Actual,2024Q3; 2024Q4; 2025Q1; 2025Q2,2024Q3; 2024Q4; 2025Q1; 2025Q2,,2025Q4,2026Q1,2025,2026Q1,,0.6605325704862768,False,actual: 2024Q3; 2024Q4; 2025Q1; 2025Q2; forecast: none,
ruc_admin_revenue,actual_or_actual_to_date,2026,17.15183260173912,$m ex GST,annual_actuals.csv,registered,Actual,2025Q3; 2025Q4; 2026Q1; 2026Q2,2025Q3; 2025Q4; 2026Q1,,2025Q4,2026Q1,2025,2026Q1,,0.6605325704862768,False,actual: 2025Q3; 2025Q4; 2026Q1; forecast: none,not connected as complete actual; FY2026 is partial actual-to-date only
ruc_admin_revenue,actual_or_actual_to_date,2027,,,,,forecast_only,2026Q3; 2026Q4; 2027Q1; 2027Q2,,,2025Q4,2026Q1,2025,2026Q1,,0.6605325704862768,False,actual: none; forecast: none,forecast-only year; no actual value shown
ruc_admin_revenue,current_finalist_model,2024,,,,,complete_actual,2023Q3; 2023Q4; 2024Q1; 2024Q2,2023Q3; 2023Q4; 2024Q1; 2024Q2,,2025Q4,2026Q1,2025,2026Q1,,0.6605325704862768,False,actual: 2023Q3; 2023Q4; 2024Q1; 2024Q2; forecast: none,
ruc_admin_revenue,current_finalist_model,2025,,,,,complete_actual,2024Q3; 2024Q4; 2025Q1; 2025Q2,2024Q3; 2024Q4; 2025Q1; 2025Q2,,2025Q4,2026Q1,2025,2026Q1,,0.6605325704862768,False,actual: 2024Q3; 2024Q4; 2025Q1; 2025Q2; forecast: none,
ruc_admin_revenue,current_finalist_model,2026,,,,,partial_actual_to_date,2025Q3; 2025Q4; 2026Q1; 2026Q2,2025Q3; 2025Q4; 2026Q1,,2025Q4,2026Q1,2025,2026Q1,,0.6605325704862768,False,actual: 2025Q3; 2025Q4; 2026Q1; forecast: none,actual-plus-forecast-to-go nowcast where source actual quarters and current forecast quarters both exist
ruc_admin_revenue,current_finalist_model,2027,,,,,forecast_only,2026Q3; 2026Q4; 2027Q1; 2027Q2,,,2025Q4,2026Q1,2025,2026Q1,,0.6605325704862768,False,actual: none; forecast: none,
ruc_refunds,actual_or_actual_to_date,2024,66.70266696,$m ex GST,annual_actuals.csv,registered,Actual,2023Q3; 2023Q4; 2024Q1; 2024Q2,2023Q3; 2023Q4; 2024Q1; 2024Q2,,2025Q4,2026Q1,2025,2026Q1,,0.15,False,actual: 2023Q3; 2023Q4; 2024Q1; 2024Q2; forecast: none,
ruc_refunds,actual_or_actual_to_date,2025,62.55622679000001,$m ex GST,annual_actuals.csv,registered,Actual,2024Q3; 2024Q4; 2025Q1; 2025Q2,2024Q3; 2024Q4; 2025Q1; 2025Q2,,2025Q4,2026Q1,2025,2026Q1,,0.15,False,actual: 2024Q3; 2024Q4; 2025Q1; 2025Q2; forecast: none,
ruc_refunds,actual_or_actual_to_date,2026,34.60004829,$m ex GST,annual_actuals.csv,registered,Actual,2025Q3; 2025Q4; 2026Q1; 2026Q2,2025Q3; 2025Q4; 2026Q1,,2025Q4,2026Q1,2025,2026Q1,,0.15,False,actual: 2025Q3; 2025Q4; 2026Q1; forecast: none,not connected as complete actual; FY2026 is partial actual-to-date only
ruc_refunds,actual_or_actual_to_date,2027,,,,,forecast_only,2026Q3; 2026Q4; 2027Q1; 2027Q2,,,2025Q4,2026Q1,2025,2026Q1,,0.15,False,actual: none; forecast: none,forecast-only year; no actual value shown
ruc_refunds,current_finalist_model,2024,,,,,complete_actual,2023Q3; 2023Q4; 2024Q1; 2024Q2,2023Q3; 2023Q4; 2024Q1; 2024Q2,,2025Q4,2026Q1,2025,2026Q1,,0.15,False,actual: 2023Q3; 2023Q4; 2024Q1; 2024Q2; forecast: none,
ruc_refunds,current_finalist_model,2025,,,,,complete_actual,2024Q3; 2024Q4; 2025Q1; 2025Q2,2024Q3; 2024Q4; 2025Q1; 2025Q2,,2025Q4,2026Q1,2025,2026Q1,,0.15,False,actual: 2024Q3; 2024Q4; 2025Q1; 2025Q2; forecast: none,
ruc_refunds,current_finalist_model,2026,,,,,partial_actual_to_date,2025Q3; 2025Q4; 2026Q1; 2026Q2,2025Q3; 2025Q4; 2026Q1,,2025Q4,2026Q1,2025,2026Q1,,0.15,False,actual: 2025Q3; 2025Q4; 2026Q1; forecast: none,actual-plus-forecast-to-go nowcast where source actual quarters and current forecast quarters both exist
ruc_refunds,current_finalist_model,2027,,,,,forecast_only,2026Q3; 2026Q4; 2027Q1; 2027Q2,,,2025Q4,2026Q1,2025,2026Q1,,0.15,False,actual: none; forecast: none,
ruc_revenues_net_of_admin_fees,actual_or_actual_to_date,2024,1855.381083148696,$m ex GST,annual_actuals.csv,unregistered_source_series,Actual,2023Q3; 2023Q4; 2024Q1; 2024Q2,2023Q3; 2023Q4; 2024Q1; 2024Q2,,2025Q4,2026Q1,2025,2026Q1,,0.17111717214889355,False,actual: 2023Q3; 2023Q4; 2024Q1; 2024Q2; forecast: none,
ruc_revenues_net_of_admin_fees,actual_or_actual_to_date,2025,2014.124865252174,$m ex GST,annual_actuals.csv,unregistered_source_series,Actual,2024Q3; 2024Q4; 2025Q1; 2025Q2,2024Q3; 2024Q4; 2025Q1; 2025Q2,,2025Q4,2026Q1,2025,2026Q1,,0.17111717214889355,False,actual: 2024Q3; 2024Q4; 2025Q1; 2025Q2; forecast: none,
ruc_revenues_net_of_admin_fees,actual_or_actual_to_date,2026,1056.954305847826,$m ex GST,annual_actuals.csv,unregistered_source_series,Actual,2025Q3; 2025Q4; 2026Q1; 2026Q2,2025Q3; 2025Q4; 2026Q1,,2025Q4,2026Q1,2025,2026Q1,,0.17111717214889355,False,actual: 2025Q3; 2025Q4; 2026Q1; forecast: none,not connected as complete actual; FY2026 is partial actual-to-date only
ruc_revenues_net_of_admin_fees,actual_or_actual_to_date,2027,,,,,forecast_only,2026Q3; 2026Q4; 2027Q1; 2027Q2,,,2025Q4,2026Q1,2025,2026Q1,,0.17111717214889355,False,actual: none; forecast: none,forecast-only year; no actual value shown
ruc_revenues_net_of_admin_fees,current_finalist_model,2024,,,,,complete_actual,2023Q3; 2023Q4; 2024Q1; 2024Q2,2023Q3; 2023Q4; 2024Q1; 2024Q2,,2025Q4,2026Q1,2025,2026Q1,,0.17111717214889355,False,actual: 2023Q3; 2023Q4; 2024Q1; 2024Q2; forecast: none,
ruc_revenues_net_of_admin_fees,current_finalist_model,2025,,,,,complete_actual,2024Q3; 2024Q4; 2025Q1; 2025Q2,2024Q3; 2024Q4; 2025Q1; 2025Q2,,2025Q4,2026Q1,2025,2026Q1,,0.17111717214889355,False,actual: 2024Q3; 2024Q4; 2025Q1; 2025Q2; forecast: none,
ruc_revenues_net_of_admin_fees,current_finalist_model,2026,,,,,partial_actual_to_date,2025Q3; 2025Q4; 2026Q1; 2026Q2,2025Q3; 2025Q4; 2026Q1,,2025Q4,2026Q1,2025,2026Q1,,0.17111717214889355,False,actual: 2025Q3; 2025Q4; 2026Q1; forecast: none,actual-plus-forecast-to-go nowcast where source actual quarters and current forecast quarters both exist
ruc_revenues_net_of_admin_fees,current_finalist_model,2027,,,,,forecast_only,2026Q3; 2026Q4; 2027Q1; 2027Q2,,,2025Q4,2026Q1,2025,2026Q1,,0.17111717214889355,False,actual: none; forecast: none,
total_fed_ruc_net_revenue,actual_or_actual_to_date,2024,,,,,complete_actual,2023Q3; 2023Q4; 2024Q1; 2024Q2,2023Q3; 2023Q4; 2024Q1; 2024Q2,,2025Q4,2026Q1,2025,2026Q1,,0.25,False,actual: 2023Q3; 2023Q4; 2024Q1; 2024Q2; forecast: none,
total_fed_ruc_net_revenue,actual_or_actual_to_date,2025,,,,,complete_actual,2024Q3; 2024Q4; 2025Q1; 2025Q2,2024Q3; 2024Q4; 2025Q1; 2025Q2,,2025Q4,2026Q1,2025,2026Q1,,0.25,False,actual: 2024Q3; 2024Q4; 2025Q1; 2025Q2; forecast: none,
total_fed_ruc_net_revenue,actual_or_actual_to_date,2026,,,,,partial_actual_to_date,2025Q3; 2025Q4; 2026Q1; 2026Q2,2025Q3; 2025Q4; 2026Q1,,2025Q4,2026Q1,2025,2026Q1,,0.25,False,actual: 2025Q3; 2025Q4; 2026Q1; forecast: none,not connected as complete actual; FY2026 is partial actual-to-date only
total_fed_ruc_net_revenue,actual_or_actual_to_date,2027,,,,,forecast_only,2026Q3; 2026Q4; 2027Q1; 2027Q2,,,2025Q4,2026Q1,2025,2026Q1,,0.25,False,actual: none; forecast: none,forecast-only year; no actual value shown
total_fed_ruc_net_revenue,current_finalist_model,2024,,,,,complete_actual,2023Q3; 2023Q4; 2024Q1; 2024Q2,2023Q3; 2023Q4; 2024Q1; 2024Q2,,2025Q4,2026Q1,2025,2026Q1,,0.25,False,actual: 2023Q3; 2023Q4; 2024Q1; 2024Q2; forecast: none,
total_fed_ruc_net_revenue,current_finalist_model,2025,2489.6732592202025,$m nominal ex GST,current_hybrid_formula,source_backed,Actual anchor,2024Q3; 2024Q4; 2025Q1; 2025Q2,2024Q3; 2024Q4; 2025Q1; 2025Q2,,2025Q4,2026Q1,2025,2026Q1,,0.25,False,actual: 2024Q3; 2024Q4; 2025Q1; 2025Q2; forecast: none,
total_fed_ruc_net_revenue,current_finalist_model,2026,2631.152953270165,$m nominal ex GST,current_hybrid_formula,source_backed,Current-finalist FY nowcast (2 actual + 2 forecast),2025Q3; 2025Q4; 2026Q1; 2026Q2,2025Q3; 2025Q4,2026Q1; 2026Q2,2025Q4,2026Q1,2025,2026Q1,,0.25,False,actual: 2025Q3; 2025Q4; forecast: 2026Q1; 2026Q2,actual-plus-forecast-to-go nowcast where source actual quarters and current forecast quarters both exist
total_fed_ruc_net_revenue,current_finalist_model,2027,2875.880755161068,$m nominal ex GST,current_hybrid_formula,source_backed,current_finalist_forecast,2026Q3; 2026Q4; 2027Q1; 2027Q2,,2026Q3; 2026Q4; 2027Q1; 2027Q2,2025Q4,2026Q1,2025,2026Q1,,0.25,False,actual: none; forecast: 2026Q3; 2026Q4; 2027Q1; 2027Q2,
total_nltf_net_revenue,actual_or_actual_to_date,2024,4133.057074912173,$m ex GST,annual_actuals.csv,registered_alias,Actual,2023Q3; 2023Q4; 2024Q1; 2024Q2,2023Q3; 2023Q4; 2024Q1; 2024Q2,,2025Q4,2026Q1,2025,2026Q1,0.7140185086957896,0.15,False,actual: 2023Q3; 2023Q4; 2024Q1; 2024Q2; forecast: none,
total_nltf_net_revenue,actual_or_actual_to_date,2025,4357.214091969565,$m ex GST,annual_actuals.csv,registered_alias,Actual,2024Q3; 2024Q4; 2025Q1; 2025Q2,2024Q3; 2024Q4; 2025Q1; 2025Q2,,2025Q4,2026Q1,2025,2026Q1,0.7140185086957896,0.15,False,actual: 2024Q3; 2024Q4; 2025Q1; 2025Q2; forecast: none,
total_nltf_net_revenue,actual_or_actual_to_date,2026,2303.099795423043,$m ex GST,annual_actuals.csv,registered_alias,Actual,2025Q3; 2025Q4; 2026Q1; 2026Q2,2025Q3; 2025Q4; 2026Q1,,2025Q4,2026Q1,2025,2026Q1,0.7140185086957896,0.15,False,actual: 2025Q3; 2025Q4; 2026Q1; forecast: none,not connected as complete actual; FY2026 is partial actual-to-date only
total_nltf_net_revenue,actual_or_actual_to_date,2027,,,,,forecast_only,2026Q3; 2026Q4; 2027Q1; 2027Q2,,,2025Q4,2026Q1,2025,2026Q1,0.7140185086957896,0.15,False,actual: none; forecast: none,forecast-only year; no actual value shown
total_nltf_net_revenue,current_finalist_model,2024,,,,,complete_actual,2023Q3; 2023Q4; 2024Q1; 2024Q2,2023Q3; 2023Q4; 2024Q1; 2024Q2,,2025Q4,2026Q1,2025,2026Q1,0.7140185086957896,0.15,False,actual: 2023Q3; 2023Q4; 2024Q1; 2024Q2; forecast: none,
total_nltf_net_revenue,current_finalist_model,2025,4357.214091969565,$m nominal ex GST,annual_actuals.csv,registered_alias,Actual anchor,2024Q3; 2024Q4; 2025Q1; 2025Q2,2024Q3; 2024Q4; 2025Q1; 2025Q2,,2025Q4,2026Q1,2025,2026Q1,0.7140185086957896,0.15,False,actual: 2024Q3; 2024Q4; 2025Q1; 2025Q2; forecast: none,
total_nltf_net_revenue,current_finalist_model,2026,3111.1315080163877,$m nominal ex GST,current_hybrid_formula,source_backed,Current-finalist FY nowcast (2 actual + 2 forecast),2025Q3; 2025Q4; 2026Q1; 2026Q2,2025Q3; 2025Q4,2026Q1; 2026Q2,2025Q4,2026Q1,2025,2026Q1,0.7140185086957896,0.15,True,actual: 2025Q3; 2025Q4; forecast: 2026Q1; 2026Q2,actual-plus-forecast-to-go nowcast where source actual quarters and current forecast quarters both exist
total_nltf_net_revenue,current_finalist_model,2027,3428.859869173681,$m nominal ex GST,current_hybrid_formula,source_backed,current_finalist_forecast,2026Q3; 2026Q4; 2027Q1; 2027Q2,,2026Q3; 2026Q4; 2027Q1; 2027Q2,2025Q4,2026Q1,2025,2026Q1,0.7140185086957896,0.15,False,actual: none; forecast: 2026Q3; 2026Q4; 2027Q1; 2027Q2,
total_ruc_net_revenue,actual_or_actual_to_date,2024,1812.933611114782,$m ex GST,annual_actuals.csv,registered_alias,Actual,2023Q3; 2023Q4; 2024Q1; 2024Q2,2023Q3; 2023Q4; 2024Q1; 2024Q2,,2025Q4,2026Q1,2025,2026Q1,1.061771616568401,0.1885351943963114,False,actual: 2023Q3; 2023Q4; 2024Q1; 2024Q2; forecast: none,
total_ruc_net_revenue,actual_or_actual_to_date,2025,1983.834506514348,$m ex GST,annual_actuals.csv,registered_alias,Actual,2024Q3; 2024Q4; 2025Q1; 2025Q2,2024Q3; 2024Q4; 2025Q1; 2025Q2,,2025Q4,2026Q1,2025,2026Q1,1.061771616568401,0.1885351943963114,False,actual: 2024Q3; 2024Q4; 2025Q1; 2025Q2; forecast: none,
total_ruc_net_revenue,actual_or_actual_to_date,2026,1039.506090159565,$m ex GST,annual_actuals.csv,registered_alias,Actual,2025Q3; 2025Q4; 2026Q1; 2026Q2,2025Q3; 2025Q4; 2026Q1,,2025Q4,2026Q1,2025,2026Q1,1.061771616568401,0.1885351943963114,False,actual: 2025Q3; 2025Q4; 2026Q1; forecast: none,not connected as complete actual; FY2026 is partial actual-to-date only
total_ruc_net_revenue,actual_or_actual_to_date,2027,,,,,forecast_only,2026Q3; 2026Q4; 2027Q1; 2027Q2,,,2025Q4,2026Q1,2025,2026Q1,1.061771616568401,0.1885351943963114,False,actual: none; forecast: none,forecast-only year; no actual value shown
total_ruc_net_revenue,current_finalist_model,2024,,,,,complete_actual,2023Q3; 2023Q4; 2024Q1; 2024Q2,2023Q3; 2023Q4; 2024Q1; 2024Q2,,2025Q4,2026Q1,2025,2026Q1,1.061771616568401,0.1885351943963114,False,actual: 2023Q3; 2023Q4; 2024Q1; 2024Q2; forecast: none,
total_ruc_net_revenue,current_finalist_model,2025,1983.834506514348,$m nominal ex GST,annual_actuals.csv,registered_alias,Actual anchor,2024Q3; 2024Q4; 2025Q1; 2025Q2,2024Q3; 2024Q4; 2025Q1; 2025Q2,,2025Q4,2026Q1,2025,2026Q1,1.061771616568401,0.1885351943963114,False,actual: 2024Q3; 2024Q4; 2025Q1; 2025Q2; forecast: none,
total_ruc_net_revenue,current_finalist_model,2026,2106.3791709859156,$m nominal ex GST,current_hybrid_formula,source_backed,Current-finalist FY nowcast (2 actual + 2 forecast),2025Q3; 2025Q4; 2026Q1; 2026Q2,2025Q3; 2025Q4,2026Q1; 2026Q2,2025Q4,2026Q1,2025,2026Q1,1.061771616568401,0.1885351943963114,False,actual: 2025Q3; 2025Q4; forecast: 2026Q1; 2026Q2,actual-plus-forecast-to-go nowcast where source actual quarters and current forecast quarters both exist
total_ruc_net_revenue,current_finalist_model,2027,2307.558718104131,$m nominal ex GST,current_hybrid_formula,source_backed,current_finalist_forecast,2026Q3; 2026Q4; 2027Q1; 2027Q2,,2026Q3; 2026Q4; 2027Q1; 2027Q2,2025Q4,2026Q1,2025,2026Q1,1.061771616568401,0.1885351943963114,False,actual: none; forecast: 2026Q3; 2026Q4; 2027Q1; 2027Q2,
tuc_net_revenue,actual_or_actual_to_date,2024,17.6100245,$m ex GST,annual_actuals.csv,registered,Actual,2023Q3; 2023Q4; 2024Q1; 2024Q2,2023Q3; 2023Q4; 2024Q1; 2024Q2,,2025Q4,2026Q1,2025,2026Q1,0.9804419972153737,0.15,False,actual: 2023Q3; 2023Q4; 2024Q1; 2024Q2; forecast: none,
tuc_net_revenue,actual_or_actual_to_date,2025,17.09481038,$m ex GST,annual_actuals.csv,registered,Actual,2024Q3; 2024Q4; 2025Q1; 2025Q2,2024Q3; 2024Q4; 2025Q1; 2025Q2,,2025Q4,2026Q1,2025,2026Q1,0.9804419972153737,0.15,False,actual: 2024Q3; 2024Q4; 2025Q1; 2025Q2; forecast: none,
tuc_net_revenue,actual_or_actual_to_date,2026,8.627127640000001,$m ex GST,annual_actuals.csv,registered,Actual,2025Q3; 2025Q4; 2026Q1; 2026Q2,2025Q3; 2025Q4; 2026Q1,,2025Q4,2026Q1,2025,2026Q1,0.9804419972153737,0.15,False,actual: 2025Q3; 2025Q4; 2026Q1; forecast: none,not connected as complete actual; FY2026 is partial actual-to-date only
tuc_net_revenue,actual_or_actual_to_date,2027,,,,,forecast_only,2026Q3; 2026Q4; 2027Q1; 2027Q2,,,2025Q4,2026Q1,2025,2026Q1,0.9804419972153737,0.15,False,actual: none; forecast: none,forecast-only year; no actual value shown
tuc_net_revenue,current_finalist_model,2024,,,,,complete_actual,2023Q3; 2023Q4; 2024Q1; 2024Q2,2023Q3; 2023Q4; 2024Q1; 2024Q2,,2025Q4,2026Q1,2025,2026Q1,0.9804419972153737,0.15,False,actual: 2023Q3; 2023Q4; 2024Q1; 2024Q2; forecast: none,
tuc_net_revenue,current_finalist_model,2025,17.09481038,$m nominal ex GST,annual_actuals.csv,registered,Actual anchor,2024Q3; 2024Q4; 2025Q1; 2025Q2,2024Q3; 2024Q4; 2025Q1; 2025Q2,,2025Q4,2026Q1,2025,2026Q1,0.9804419972153737,0.15,False,actual: 2024Q3; 2024Q4; 2025Q1; 2025Q2; forecast: none,
tuc_net_revenue,current_finalist_model,2026,16.7604700309853,$m nominal ex GST,official_befu25_annual.csv,source_backed,Current-finalist FY nowcast (2 actual + 2 forecast),2025Q3; 2025Q4; 2026Q1; 2026Q2,2025Q3; 2025Q4,2026Q1; 2026Q2,2025Q4,2026Q1,2025,2026Q1,0.9804419972153737,0.15,False,actual: 2025Q3; 2025Q4; forecast: 2026Q1; 2026Q2,actual-plus-forecast-to-go nowcast where source actual quarters and current forecast quarters both exist
tuc_net_revenue,current_finalist_model,2027,16.7604700309853,$m nominal ex GST,official_befu25_annual.csv,source_backed,current_finalist_forecast,2026Q3; 2026Q4; 2027Q1; 2027Q2,,2026Q3; 2026Q4; 2027Q1; 2027Q2,2025Q4,2026Q1,2025,2026Q1,0.9804419972153737,0.15,False,actual: none; forecast: 2026Q3; 2026Q4; 2027Q1; 2027Q2,
